--------------------------------------------------------
--  File created - Sunday-March-29-2020   
--------------------------------------------------------
DROP TABLE "PRUEBASQL"."ALTERNATIVAS" cascade constraints;
DROP TABLE "PRUEBASQL"."ALUMNO" cascade constraints;
DROP TABLE "PRUEBASQL"."CREADOR_PRUEBA" cascade constraints;
DROP TABLE "PRUEBASQL"."CURSO" cascade constraints;
DROP TABLE "PRUEBASQL"."PREGUNTAS" cascade constraints;
DROP TABLE "PRUEBASQL"."PRUEBA_INDIVIDUAL" cascade constraints;
DROP TABLE "PRUEBASQL"."RESPUESTAS_ALUMNO" cascade constraints;
DROP TABLE "PRUEBASQL"."TEST" cascade constraints;
--------------------------------------------------------
--  DDL for Table ALTERNATIVAS
--------------------------------------------------------

  CREATE TABLE "PRUEBASQL"."ALTERNATIVAS" 
   (	"ALTENATIVAS" VARCHAR2(1000 CHAR), 
	"PUNTAJE_PREGUNTA" NUMBER, 
	"PREGUNTAS_PREGUNTAS_ID" NUMBER(*,0), 
	"ALTERNATIVA_ID" NUMBER(*,0)
   ) SEGMENT CREATION IMMEDIATE 
  PCTFREE 10 PCTUSED 40 INITRANS 1 MAXTRANS 255 NOCOMPRESS LOGGING
  STORAGE(INITIAL 65536 NEXT 1048576 MINEXTENTS 1 MAXEXTENTS 2147483645
  PCTINCREASE 0 FREELISTS 1 FREELIST GROUPS 1 BUFFER_POOL DEFAULT FLASH_CACHE DEFAULT CELL_FLASH_CACHE DEFAULT)
  TABLESPACE "USERS" ;
--------------------------------------------------------
--  DDL for Table ALUMNO
--------------------------------------------------------

  CREATE TABLE "PRUEBASQL"."ALUMNO" 
   (	"ALUMNO_ID" NUMBER(*,0), 
	"RUT_ALUMNO" NUMBER(*,0), 
	"NOMBRE" VARCHAR2(100 CHAR)
   ) SEGMENT CREATION IMMEDIATE 
  PCTFREE 10 PCTUSED 40 INITRANS 1 MAXTRANS 255 NOCOMPRESS LOGGING
  STORAGE(INITIAL 65536 NEXT 1048576 MINEXTENTS 1 MAXEXTENTS 2147483645
  PCTINCREASE 0 FREELISTS 1 FREELIST GROUPS 1 BUFFER_POOL DEFAULT FLASH_CACHE DEFAULT CELL_FLASH_CACHE DEFAULT)
  TABLESPACE "USERS" ;
--------------------------------------------------------
--  DDL for Table CREADOR_PRUEBA
--------------------------------------------------------

  CREATE TABLE "PRUEBASQL"."CREADOR_PRUEBA" 
   (	"CREADOR_ID" NUMBER(*,0), 
	"NOMBRE_CREADOR" VARCHAR2(100 BYTE)
   ) SEGMENT CREATION IMMEDIATE 
  PCTFREE 10 PCTUSED 40 INITRANS 1 MAXTRANS 255 NOCOMPRESS LOGGING
  STORAGE(INITIAL 65536 NEXT 1048576 MINEXTENTS 1 MAXEXTENTS 2147483645
  PCTINCREASE 0 FREELISTS 1 FREELIST GROUPS 1 BUFFER_POOL DEFAULT FLASH_CACHE DEFAULT CELL_FLASH_CACHE DEFAULT)
  TABLESPACE "USERS" ;
--------------------------------------------------------
--  DDL for Table CURSO
--------------------------------------------------------

  CREATE TABLE "PRUEBASQL"."CURSO" 
   (	"CURSO_ID" NUMBER(*,0), 
	"NOMBRE" VARCHAR2(100 CHAR)
   ) SEGMENT CREATION IMMEDIATE 
  PCTFREE 10 PCTUSED 40 INITRANS 1 MAXTRANS 255 NOCOMPRESS LOGGING
  STORAGE(INITIAL 65536 NEXT 1048576 MINEXTENTS 1 MAXEXTENTS 2147483645
  PCTINCREASE 0 FREELISTS 1 FREELIST GROUPS 1 BUFFER_POOL DEFAULT FLASH_CACHE DEFAULT CELL_FLASH_CACHE DEFAULT)
  TABLESPACE "USERS" ;
--------------------------------------------------------
--  DDL for Table PREGUNTAS
--------------------------------------------------------

  CREATE TABLE "PRUEBASQL"."PREGUNTAS" 
   (	"PREGUNTAS_ID" NUMBER(*,0), 
	"ENUNCIADO" VARCHAR2(1500 BYTE), 
	"TEST_TEST_ID" NUMBER(*,0)
   ) SEGMENT CREATION IMMEDIATE 
  PCTFREE 10 PCTUSED 40 INITRANS 1 MAXTRANS 255 NOCOMPRESS LOGGING
  STORAGE(INITIAL 65536 NEXT 1048576 MINEXTENTS 1 MAXEXTENTS 2147483645
  PCTINCREASE 0 FREELISTS 1 FREELIST GROUPS 1 BUFFER_POOL DEFAULT FLASH_CACHE DEFAULT CELL_FLASH_CACHE DEFAULT)
  TABLESPACE "USERS" ;
--------------------------------------------------------
--  DDL for Table PRUEBA_INDIVIDUAL
--------------------------------------------------------

  CREATE TABLE "PRUEBASQL"."PRUEBA_INDIVIDUAL" 
   (	"PRUEBA_INDIVIDUAL_ID" NUMBER(*,0), 
	"FECHA_TOMA" DATE, 
	"TEST_TEST_ID" NUMBER(*,0), 
	"ALUMNO_ALUMNO_ID" NUMBER(*,0)
   ) SEGMENT CREATION IMMEDIATE 
  PCTFREE 10 PCTUSED 40 INITRANS 1 MAXTRANS 255 NOCOMPRESS LOGGING
  STORAGE(INITIAL 65536 NEXT 1048576 MINEXTENTS 1 MAXEXTENTS 2147483645
  PCTINCREASE 0 FREELISTS 1 FREELIST GROUPS 1 BUFFER_POOL DEFAULT FLASH_CACHE DEFAULT CELL_FLASH_CACHE DEFAULT)
  TABLESPACE "USERS" ;
--------------------------------------------------------
--  DDL for Table RESPUESTAS_ALUMNO
--------------------------------------------------------

  CREATE TABLE "PRUEBASQL"."RESPUESTAS_ALUMNO" 
   (	"RESPUESTA_ALUMNOID" NUMBER(*,0), 
	"RESPUESTA_ALUMNO" NUMBER, 
	"PREGUNTAS_PREGUNTAS_ID" NUMBER(*,0), 
	"PRU_IND_PRUEBA_INDIVIDUAL_ID" NUMBER(*,0), 
	"ALTERNATIVA_ID" NUMBER(*,0)
   ) SEGMENT CREATION IMMEDIATE 
  PCTFREE 10 PCTUSED 40 INITRANS 1 MAXTRANS 255 NOCOMPRESS LOGGING
  STORAGE(INITIAL 65536 NEXT 1048576 MINEXTENTS 1 MAXEXTENTS 2147483645
  PCTINCREASE 0 FREELISTS 1 FREELIST GROUPS 1 BUFFER_POOL DEFAULT FLASH_CACHE DEFAULT CELL_FLASH_CACHE DEFAULT)
  TABLESPACE "USERS" ;
--------------------------------------------------------
--  DDL for Table TEST
--------------------------------------------------------

  CREATE TABLE "PRUEBASQL"."TEST" 
   (	"TEST_ID" NUMBER(*,0), 
	"DESCRIPSION" VARCHAR2(500 BYTE), 
	"TITULO_TEST" VARCHAR2(200 CHAR), 
	"CREACION_TEST" DATE, 
	"CURSO_CURSO_ID" NUMBER(*,0), 
	"CREADOR_PRUEBA_CREADOR_ID" NUMBER(*,0)
   ) SEGMENT CREATION IMMEDIATE 
  PCTFREE 10 PCTUSED 40 INITRANS 1 MAXTRANS 255 NOCOMPRESS LOGGING
  STORAGE(INITIAL 65536 NEXT 1048576 MINEXTENTS 1 MAXEXTENTS 2147483645
  PCTINCREASE 0 FREELISTS 1 FREELIST GROUPS 1 BUFFER_POOL DEFAULT FLASH_CACHE DEFAULT CELL_FLASH_CACHE DEFAULT)
  TABLESPACE "USERS" ;
REM INSERTING into PRUEBASQL.ALTERNATIVAS
SET DEFINE OFF;
Insert into PRUEBASQL.ALTERNATIVAS (ALTENATIVAS,PUNTAJE_PREGUNTA,PREGUNTAS_PREGUNTAS_ID,ALTERNATIVA_ID) values ('System.out.println(string)',1,1,1);
Insert into PRUEBASQL.ALTERNATIVAS (ALTENATIVAS,PUNTAJE_PREGUNTA,PREGUNTAS_PREGUNTAS_ID,ALTERNATIVA_ID) values ('print(string)',0,1,2);
Insert into PRUEBASQL.ALTERNATIVAS (ALTENATIVAS,PUNTAJE_PREGUNTA,PREGUNTAS_PREGUNTAS_ID,ALTERNATIVA_ID) values ('print -> string',0,1,3);
Insert into PRUEBASQL.ALTERNATIVAS (ALTENATIVAS,PUNTAJE_PREGUNTA,PREGUNTAS_PREGUNTAS_ID,ALTERNATIVA_ID) values ('si',1,2,4);
Insert into PRUEBASQL.ALTERNATIVAS (ALTENATIVAS,PUNTAJE_PREGUNTA,PREGUNTAS_PREGUNTAS_ID,ALTERNATIVA_ID) values ('no',0,2,5);
Insert into PRUEBASQL.ALTERNATIVAS (ALTENATIVAS,PUNTAJE_PREGUNTA,PREGUNTAS_PREGUNTAS_ID,ALTERNATIVA_ID) values ('es un lenguaje multiparadigma',0,2,6);
Insert into PRUEBASQL.ALTERNATIVAS (ALTENATIVAS,PUNTAJE_PREGUNTA,PREGUNTAS_PREGUNTAS_ID,ALTERNATIVA_ID) values ('system.out.println(string)',1,3,7);
Insert into PRUEBASQL.ALTERNATIVAS (ALTENATIVAS,PUNTAJE_PREGUNTA,PREGUNTAS_PREGUNTAS_ID,ALTERNATIVA_ID) values ('if a>b { a=2}',1,3,8);
Insert into PRUEBASQL.ALTERNATIVAS (ALTENATIVAS,PUNTAJE_PREGUNTA,PREGUNTAS_PREGUNTAS_ID,ALTERNATIVA_ID) values ('while (a<5){a++}',0,3,9);
Insert into PRUEBASQL.ALTERNATIVAS (ALTENATIVAS,PUNTAJE_PREGUNTA,PREGUNTAS_PREGUNTAS_ID,ALTERNATIVA_ID) values ('for ( int i = 0; i <5, i++)(System.out.println(i))',1,4,10);
Insert into PRUEBASQL.ALTERNATIVAS (ALTENATIVAS,PUNTAJE_PREGUNTA,PREGUNTAS_PREGUNTAS_ID,ALTERNATIVA_ID) values ('int x = 10;
System.out.println(x == 10)',0,4,11);
Insert into PRUEBASQL.ALTERNATIVAS (ALTENATIVAS,PUNTAJE_PREGUNTA,PREGUNTAS_PREGUNTAS_ID,ALTERNATIVA_ID) values ('switch(a>e){ case x: codeblock;}',0,4,12);
Insert into PRUEBASQL.ALTERNATIVAS (ALTENATIVAS,PUNTAJE_PREGUNTA,PREGUNTAS_PREGUNTAS_ID,ALTERNATIVA_ID) values ('por que a==b compara objetos, no valores.',1,5,13);
Insert into PRUEBASQL.ALTERNATIVAS (ALTENATIVAS,PUNTAJE_PREGUNTA,PREGUNTAS_PREGUNTAS_ID,ALTERNATIVA_ID) values ('esta sentencia no es correcta, se peude usar a==b para ahcer comparacion de string',0,5,14);
Insert into PRUEBASQL.ALTERNATIVAS (ALTENATIVAS,PUNTAJE_PREGUNTA,PREGUNTAS_PREGUNTAS_ID,ALTERNATIVA_ID) values ('para compara correctamente se debe usar a=b',0,5,15);
Insert into PRUEBASQL.ALTERNATIVAS (ALTENATIVAS,PUNTAJE_PREGUNTA,PREGUNTAS_PREGUNTAS_ID,ALTERNATIVA_ID) values ('eclipse',1,6,16);
Insert into PRUEBASQL.ALTERNATIVAS (ALTENATIVAS,PUNTAJE_PREGUNTA,PREGUNTAS_PREGUNTAS_ID,ALTERNATIVA_ID) values ('visual code',1,6,17);
Insert into PRUEBASQL.ALTERNATIVAS (ALTENATIVAS,PUNTAJE_PREGUNTA,PREGUNTAS_PREGUNTAS_ID,ALTERNATIVA_ID) values ('anaconda',0,6,18);
Insert into PRUEBASQL.ALTERNATIVAS (ALTENATIVAS,PUNTAJE_PREGUNTA,PREGUNTAS_PREGUNTAS_ID,ALTERNATIVA_ID) values ('ocultamiento del estado, es decir, de los datos miembro de un objeto de manera que solo se pueda cambiar mediante las operaciones definidas para ese objeto. ',1,8,19);
Insert into PRUEBASQL.ALTERNATIVAS (ALTENATIVAS,PUNTAJE_PREGUNTA,PREGUNTAS_PREGUNTAS_ID,ALTERNATIVA_ID) values ('private, public, protected',1,8,20);
Insert into PRUEBASQL.ALTERNATIVAS (ALTENATIVAS,PUNTAJE_PREGUNTA,PREGUNTAS_PREGUNTAS_ID,ALTERNATIVA_ID) values ('subclase, superclase',0,8,21);
Insert into PRUEBASQL.ALTERNATIVAS (ALTENATIVAS,PUNTAJE_PREGUNTA,PREGUNTAS_PREGUNTAS_ID,ALTERNATIVA_ID) values ('public static void main(String[] args)',1,7,22);
Insert into PRUEBASQL.ALTERNATIVAS (ALTENATIVAS,PUNTAJE_PREGUNTA,PREGUNTAS_PREGUNTAS_ID,ALTERNATIVA_ID) values ('static void main(String[] args)',0,7,23);
Insert into PRUEBASQL.ALTERNATIVAS (ALTENATIVAS,PUNTAJE_PREGUNTA,PREGUNTAS_PREGUNTAS_ID,ALTERNATIVA_ID) values ('public class{...}',0,7,24);
Insert into PRUEBASQL.ALTERNATIVAS (ALTENATIVAS,PUNTAJE_PREGUNTA,PREGUNTAS_PREGUNTAS_ID,ALTERNATIVA_ID) values ('subclase',1,9,25);
Insert into PRUEBASQL.ALTERNATIVAS (ALTENATIVAS,PUNTAJE_PREGUNTA,PREGUNTAS_PREGUNTAS_ID,ALTERNATIVA_ID) values ('superclase',1,9,26);
Insert into PRUEBASQL.ALTERNATIVAS (ALTENATIVAS,PUNTAJE_PREGUNTA,PREGUNTAS_PREGUNTAS_ID,ALTERNATIVA_ID) values ('static',0,9,27);
Insert into PRUEBASQL.ALTERNATIVAS (ALTENATIVAS,PUNTAJE_PREGUNTA,PREGUNTAS_PREGUNTAS_ID,ALTERNATIVA_ID) values ('tangananica',0,10,28);
Insert into PRUEBASQL.ALTERNATIVAS (ALTENATIVAS,PUNTAJE_PREGUNTA,PREGUNTAS_PREGUNTAS_ID,ALTERNATIVA_ID) values ('tanganana',0,10,29);
Insert into PRUEBASQL.ALTERNATIVAS (ALTENATIVAS,PUNTAJE_PREGUNTA,PREGUNTAS_PREGUNTAS_ID,ALTERNATIVA_ID) values ('nustra mama nos va a retar',1,10,30);
Insert into PRUEBASQL.ALTERNATIVAS (ALTENATIVAS,PUNTAJE_PREGUNTA,PREGUNTAS_PREGUNTAS_ID,ALTERNATIVA_ID) values ('es un sistema operativo mobil basado en un version modificada del kernel de linux',1,11,31);
Insert into PRUEBASQL.ALTERNATIVAS (ALTENATIVAS,PUNTAJE_PREGUNTA,PREGUNTAS_PREGUNTAS_ID,ALTERNATIVA_ID) values ('una pagina web que usan los telefonos mobiles',0,11,32);
Insert into PRUEBASQL.ALTERNATIVAS (ALTENATIVAS,PUNTAJE_PREGUNTA,PREGUNTAS_PREGUNTAS_ID,ALTERNATIVA_ID) values ('un nuevo robot asesinos',0,11,33);
Insert into PRUEBASQL.ALTERNATIVAS (ALTENATIVAS,PUNTAJE_PREGUNTA,PREGUNTAS_PREGUNTAS_ID,ALTERNATIVA_ID) values ('apple store',1,12,34);
Insert into PRUEBASQL.ALTERNATIVAS (ALTENATIVAS,PUNTAJE_PREGUNTA,PREGUNTAS_PREGUNTAS_ID,ALTERNATIVA_ID) values ('google play',0,12,35);
Insert into PRUEBASQL.ALTERNATIVAS (ALTENATIVAS,PUNTAJE_PREGUNTA,PREGUNTAS_PREGUNTAS_ID,ALTERNATIVA_ID) values ('microsoft marketpalce',0,12,36);
Insert into PRUEBASQL.ALTERNATIVAS (ALTENATIVAS,PUNTAJE_PREGUNTA,PREGUNTAS_PREGUNTAS_ID,ALTERNATIVA_ID) values ('eclipse',0,13,37);
Insert into PRUEBASQL.ALTERNATIVAS (ALTENATIVAS,PUNTAJE_PREGUNTA,PREGUNTAS_PREGUNTAS_ID,ALTERNATIVA_ID) values ('koltin',1,13,38);
Insert into PRUEBASQL.ALTERNATIVAS (ALTENATIVAS,PUNTAJE_PREGUNTA,PREGUNTAS_PREGUNTAS_ID,ALTERNATIVA_ID) values ('java',1,13,39);
Insert into PRUEBASQL.ALTERNATIVAS (ALTENATIVAS,PUNTAJE_PREGUNTA,PREGUNTAS_PREGUNTAS_ID,ALTERNATIVA_ID) values ('todo tipo de aplicaciones',1,14,40);
Insert into PRUEBASQL.ALTERNATIVAS (ALTENATIVAS,PUNTAJE_PREGUNTA,PREGUNTAS_PREGUNTAS_ID,ALTERNATIVA_ID) values ('solo juegos como candicrush',0,14,41);
Insert into PRUEBASQL.ALTERNATIVAS (ALTENATIVAS,PUNTAJE_PREGUNTA,PREGUNTAS_PREGUNTAS_ID,ALTERNATIVA_ID) values ('solo mensajeria de texto',0,14,42);
Insert into PRUEBASQL.ALTERNATIVAS (ALTENATIVAS,PUNTAJE_PREGUNTA,PREGUNTAS_PREGUNTAS_ID,ALTERNATIVA_ID) values ('Un virus mortal, solo si es esta inmunosuprimdo',1,15,43);
Insert into PRUEBASQL.ALTERNATIVAS (ALTENATIVAS,PUNTAJE_PREGUNTA,PREGUNTAS_PREGUNTAS_ID,ALTERNATIVA_ID) values ('una nueva enfermedead proveniente de china',1,15,44);
Insert into PRUEBASQL.ALTERNATIVAS (ALTENATIVAS,PUNTAJE_PREGUNTA,PREGUNTAS_PREGUNTAS_ID,ALTERNATIVA_ID) values ('un virus que te hace tomar cerveza en exceso',0,15,45);
Insert into PRUEBASQL.ALTERNATIVAS (ALTENATIVAS,PUNTAJE_PREGUNTA,PREGUNTAS_PREGUNTAS_ID,ALTERNATIVA_ID) values ('solo 150',0,16,46);
Insert into PRUEBASQL.ALTERNATIVAS (ALTENATIVAS,PUNTAJE_PREGUNTA,PREGUNTAS_PREGUNTAS_ID,ALTERNATIVA_ID) values ('hay mas pokemos que especies animales',0,16,47);
Insert into PRUEBASQL.ALTERNATIVAS (ALTENATIVAS,PUNTAJE_PREGUNTA,PREGUNTAS_PREGUNTAS_ID,ALTERNATIVA_ID) values ('809 a la fecha',1,16,48);
Insert into PRUEBASQL.ALTERNATIVAS (ALTENATIVAS,PUNTAJE_PREGUNTA,PREGUNTAS_PREGUNTAS_ID,ALTERNATIVA_ID) values ('la primera',0,17,49);
Insert into PRUEBASQL.ALTERNATIVAS (ALTENATIVAS,PUNTAJE_PREGUNTA,PREGUNTAS_PREGUNTAS_ID,ALTERNATIVA_ID) values ('la del mono morado',0,17,50);
Insert into PRUEBASQL.ALTERNATIVAS (ALTENATIVAS,PUNTAJE_PREGUNTA,PREGUNTAS_PREGUNTAS_ID,ALTERNATIVA_ID) values ('ninguna, todas son pesimas',1,17,51);
Insert into PRUEBASQL.ALTERNATIVAS (ALTENATIVAS,PUNTAJE_PREGUNTA,PREGUNTAS_PREGUNTAS_ID,ALTERNATIVA_ID) values ('otoño',1,18,52);
Insert into PRUEBASQL.ALTERNATIVAS (ALTENATIVAS,PUNTAJE_PREGUNTA,PREGUNTAS_PREGUNTAS_ID,ALTERNATIVA_ID) values ('primavera',0,18,53);
Insert into PRUEBASQL.ALTERNATIVAS (ALTENATIVAS,PUNTAJE_PREGUNTA,PREGUNTAS_PREGUNTAS_ID,ALTERNATIVA_ID) values ('verano',1,18,54);
Insert into PRUEBASQL.ALTERNATIVAS (ALTENATIVAS,PUNTAJE_PREGUNTA,PREGUNTAS_PREGUNTAS_ID,ALTERNATIVA_ID) values ('sushipleto',0,19,55);
Insert into PRUEBASQL.ALTERNATIVAS (ALTENATIVAS,PUNTAJE_PREGUNTA,PREGUNTAS_PREGUNTAS_ID,ALTERNATIVA_ID) values ('handrroll frito',0,19,56);
Insert into PRUEBASQL.ALTERNATIVAS (ALTENATIVAS,PUNTAJE_PREGUNTA,PREGUNTAS_PREGUNTAS_ID,ALTERNATIVA_ID) values ('sopaipa con mostaza toxica',0,19,57);
Insert into PRUEBASQL.ALTERNATIVAS (ALTENATIVAS,PUNTAJE_PREGUNTA,PREGUNTAS_PREGUNTAS_ID,ALTERNATIVA_ID) values ('sebastian piñera',1,20,58);
Insert into PRUEBASQL.ALTERNATIVAS (ALTENATIVAS,PUNTAJE_PREGUNTA,PREGUNTAS_PREGUNTAS_ID,ALTERNATIVA_ID) values ('jaime mañañich',1,20,59);
Insert into PRUEBASQL.ALTERNATIVAS (ALTENATIVAS,PUNTAJE_PREGUNTA,PREGUNTAS_PREGUNTAS_ID,ALTERNATIVA_ID) values ('todos son un pedazo de mierda',1,20,60);
Insert into PRUEBASQL.ALTERNATIVAS (ALTENATIVAS,PUNTAJE_PREGUNTA,PREGUNTAS_PREGUNTAS_ID,ALTERNATIVA_ID) values ('diseño de interaccion',1,21,61);
Insert into PRUEBASQL.ALTERNATIVAS (ALTENATIVAS,PUNTAJE_PREGUNTA,PREGUNTAS_PREGUNTAS_ID,ALTERNATIVA_ID) values ('diseño visual ',0,21,62);
Insert into PRUEBASQL.ALTERNATIVAS (ALTENATIVAS,PUNTAJE_PREGUNTA,PREGUNTAS_PREGUNTAS_ID,ALTERNATIVA_ID) values ('es el area que se preocupa de la usabilidad y como elusuario se relaciona con el programa',0,22,63);
Insert into PRUEBASQL.ALTERNATIVAS (ALTENATIVAS,PUNTAJE_PREGUNTA,PREGUNTAS_PREGUNTAS_ID,ALTERNATIVA_ID) values ('android',1,23,64);
Insert into PRUEBASQL.ALTERNATIVAS (ALTENATIVAS,PUNTAJE_PREGUNTA,PREGUNTAS_PREGUNTAS_ID,ALTERNATIVA_ID) values ('java',1,23,65);
REM INSERTING into PRUEBASQL.ALUMNO
SET DEFINE OFF;
Insert into PRUEBASQL.ALUMNO (ALUMNO_ID,RUT_ALUMNO,NOMBRE) values (1,19000000,'gonzalo fernandez');
Insert into PRUEBASQL.ALUMNO (ALUMNO_ID,RUT_ALUMNO,NOMBRE) values (2,18000000,'pedro perez');
Insert into PRUEBASQL.ALUMNO (ALUMNO_ID,RUT_ALUMNO,NOMBRE) values (3,17000000,'sandra gomez');
Insert into PRUEBASQL.ALUMNO (ALUMNO_ID,RUT_ALUMNO,NOMBRE) values (4,16000000,'juana estevez');
Insert into PRUEBASQL.ALUMNO (ALUMNO_ID,RUT_ALUMNO,NOMBRE) values (5,15000000,'gustavo  vidal');
Insert into PRUEBASQL.ALUMNO (ALUMNO_ID,RUT_ALUMNO,NOMBRE) values (6,14000000,'alejandra lopez');
Insert into PRUEBASQL.ALUMNO (ALUMNO_ID,RUT_ALUMNO,NOMBRE) values (7,13000000,'mario gomez');
Insert into PRUEBASQL.ALUMNO (ALUMNO_ID,RUT_ALUMNO,NOMBRE) values (8,12000000,'ana contador ');
Insert into PRUEBASQL.ALUMNO (ALUMNO_ID,RUT_ALUMNO,NOMBRE) values (9,11000000,'cristian gatica');
Insert into PRUEBASQL.ALUMNO (ALUMNO_ID,RUT_ALUMNO,NOMBRE) values (10,10000000,'fernado gonzalez');
Insert into PRUEBASQL.ALUMNO (ALUMNO_ID,RUT_ALUMNO,NOMBRE) values (11,9000000,'maria espinoza');
Insert into PRUEBASQL.ALUMNO (ALUMNO_ID,RUT_ALUMNO,NOMBRE) values (12,8000000,'laura acosta');
Insert into PRUEBASQL.ALUMNO (ALUMNO_ID,RUT_ALUMNO,NOMBRE) values (13,7000000,'miguel castañeda');
Insert into PRUEBASQL.ALUMNO (ALUMNO_ID,RUT_ALUMNO,NOMBRE) values (14,6000000,'esteban enriquez');
Insert into PRUEBASQL.ALUMNO (ALUMNO_ID,RUT_ALUMNO,NOMBRE) values (15,5000000,'estefania escobar');
Insert into PRUEBASQL.ALUMNO (ALUMNO_ID,RUT_ALUMNO,NOMBRE) values (16,19500000,'emma guzman');
Insert into PRUEBASQL.ALUMNO (ALUMNO_ID,RUT_ALUMNO,NOMBRE) values (17,18500000,'juan hidalgo');
Insert into PRUEBASQL.ALUMNO (ALUMNO_ID,RUT_ALUMNO,NOMBRE) values (18,17500000,'tomas lobo');
Insert into PRUEBASQL.ALUMNO (ALUMNO_ID,RUT_ALUMNO,NOMBRE) values (19,16500000,'rodrigo lopez');
Insert into PRUEBASQL.ALUMNO (ALUMNO_ID,RUT_ALUMNO,NOMBRE) values (20,15500000,'lucas zapata');
REM INSERTING into PRUEBASQL.CREADOR_PRUEBA
SET DEFINE OFF;
Insert into PRUEBASQL.CREADOR_PRUEBA (CREADOR_ID,NOMBRE_CREADOR) values (1,'ernesto gomez');
Insert into PRUEBASQL.CREADOR_PRUEBA (CREADOR_ID,NOMBRE_CREADOR) values (2,'juan zapata');
Insert into PRUEBASQL.CREADOR_PRUEBA (CREADOR_ID,NOMBRE_CREADOR) values (3,'sonia urzua');
Insert into PRUEBASQL.CREADOR_PRUEBA (CREADOR_ID,NOMBRE_CREADOR) values (4,'natalia huerta');
REM INSERTING into PRUEBASQL.CURSO
SET DEFINE OFF;
Insert into PRUEBASQL.CURSO (CURSO_ID,NOMBRE) values (1,'Fullstack java');
Insert into PRUEBASQL.CURSO (CURSO_ID,NOMBRE) values (2,'desarrolador android');
Insert into PRUEBASQL.CURSO (CURSO_ID,NOMBRE) values (3,'desarrollador UX/UI');
Insert into PRUEBASQL.CURSO (CURSO_ID,NOMBRE) values (4,'curso mecanografia');
REM INSERTING into PRUEBASQL.PREGUNTAS
SET DEFINE OFF;
Insert into PRUEBASQL.PREGUNTAS (PREGUNTAS_ID,ENUNCIADO,TEST_TEST_ID) values (1,'que sentencia sirve para imprimir en pantalla?',1);
Insert into PRUEBASQL.PREGUNTAS (PREGUNTAS_ID,ENUNCIADO,TEST_TEST_ID) values (2,'es java un lenguaje orientado a objetos?',1);
Insert into PRUEBASQL.PREGUNTAS (PREGUNTAS_ID,ENUNCIADO,TEST_TEST_ID) values (3,'indique que sintaxis es incorrecta.',1);
Insert into PRUEBASQL.PREGUNTAS (PREGUNTAS_ID,ENUNCIADO,TEST_TEST_ID) values (4,'indique que sentencia es correcta.',1);
Insert into PRUEBASQL.PREGUNTAS (PREGUNTAS_ID,ENUNCIADO,TEST_TEST_ID) values (5,'si String a, b;  por que debemos usar para comparar String debemos usar a.equals(b) y no a==b',1);
Insert into PRUEBASQL.PREGUNTAS (PREGUNTAS_ID,ENUNCIADO,TEST_TEST_ID) values (6,'indique que IDE puede usarse con java',1);
Insert into PRUEBASQL.PREGUNTAS (PREGUNTAS_ID,ENUNCIADO,TEST_TEST_ID) values (7,'cual de estos es la clase main en java',1);
Insert into PRUEBASQL.PREGUNTAS (PREGUNTAS_ID,ENUNCIADO,TEST_TEST_ID) values (8,'cual de estos conceptos tiene relacion a encapulamiento',1);
Insert into PRUEBASQL.PREGUNTAS (PREGUNTAS_ID,ENUNCIADO,TEST_TEST_ID) values (9,'indique que termino no esta dentro de concepto de herencia',1);
Insert into PRUEBASQL.PREGUNTAS (PREGUNTAS_ID,ENUNCIADO,TEST_TEST_ID) values (10,'bonus, que preferie usted, tanganica o tanganana?',1);
Insert into PRUEBASQL.PREGUNTAS (PREGUNTAS_ID,ENUNCIADO,TEST_TEST_ID) values (11,'que es android',2);
Insert into PRUEBASQL.PREGUNTAS (PREGUNTAS_ID,ENUNCIADO,TEST_TEST_ID) values (12,'que plataforma se suben las aplicaciones android',2);
Insert into PRUEBASQL.PREGUNTAS (PREGUNTAS_ID,ENUNCIADO,TEST_TEST_ID) values (13,'que lenguage no se usa frecuente no fue visto en este programa para hacer aplicaiones',2);
Insert into PRUEBASQL.PREGUNTAS (PREGUNTAS_ID,ENUNCIADO,TEST_TEST_ID) values (14,'que tipo de aplicaciones se peuden crear en android?',2);
Insert into PRUEBASQL.PREGUNTAS (PREGUNTAS_ID,ENUNCIADO,TEST_TEST_ID) values (15,'llenar las preguntas pero no se nada mas de esto, asi que hare preguntas no relativas al area, que es el corona virus',2);
Insert into PRUEBASQL.PREGUNTAS (PREGUNTAS_ID,ENUNCIADO,TEST_TEST_ID) values (16,'cuantos pokemos hay en al actualidad?',2);
Insert into PRUEBASQL.PREGUNTAS (PREGUNTAS_ID,ENUNCIADO,TEST_TEST_ID) values (17,'cual es la mejor pelicual de los avengers?',2);
Insert into PRUEBASQL.PREGUNTAS (PREGUNTAS_ID,ENUNCIADO,TEST_TEST_ID) values (18,'cual es la mejor estacion del año?',2);
Insert into PRUEBASQL.PREGUNTAS (PREGUNTAS_ID,ENUNCIADO,TEST_TEST_ID) values (19,'cual de estos manjares es el mas suculento',2);
Insert into PRUEBASQL.PREGUNTAS (PREGUNTAS_ID,ENUNCIADO,TEST_TEST_ID) values (20,'cual de estos peronajes del gobierno es el mas detestable',2);
Insert into PRUEBASQL.PREGUNTAS (PREGUNTAS_ID,ENUNCIADO,TEST_TEST_ID) values (21,'que alternativa(s) no son parte del proces UX',3);
Insert into PRUEBASQL.PREGUNTAS (PREGUNTAS_ID,ENUNCIADO,TEST_TEST_ID) values (22,'que es UX/UI',3);
Insert into PRUEBASQL.PREGUNTAS (PREGUNTAS_ID,ENUNCIADO,TEST_TEST_ID) values (23,'hay algun lenguaje especifico para realizar UI/UX',3);
Insert into PRUEBASQL.PREGUNTAS (PREGUNTAS_ID,ENUNCIADO,TEST_TEST_ID) values (24,'cual de estos enunciados no corresponde a UI/UX',3);
Insert into PRUEBASQL.PREGUNTAS (PREGUNTAS_ID,ENUNCIADO,TEST_TEST_ID) values (25,'que concepto(s) no tienen relacion con interaz de usuario',3);
REM INSERTING into PRUEBASQL.PRUEBA_INDIVIDUAL
SET DEFINE OFF;
Insert into PRUEBASQL.PRUEBA_INDIVIDUAL (PRUEBA_INDIVIDUAL_ID,FECHA_TOMA,TEST_TEST_ID,ALUMNO_ALUMNO_ID) values (1,to_date('20-09-17','RR-MM-DD'),1,1);
Insert into PRUEBASQL.PRUEBA_INDIVIDUAL (PRUEBA_INDIVIDUAL_ID,FECHA_TOMA,TEST_TEST_ID,ALUMNO_ALUMNO_ID) values (2,to_date('20-09-17','RR-MM-DD'),1,2);
Insert into PRUEBASQL.PRUEBA_INDIVIDUAL (PRUEBA_INDIVIDUAL_ID,FECHA_TOMA,TEST_TEST_ID,ALUMNO_ALUMNO_ID) values (3,to_date('20-09-17','RR-MM-DD'),1,3);
Insert into PRUEBASQL.PRUEBA_INDIVIDUAL (PRUEBA_INDIVIDUAL_ID,FECHA_TOMA,TEST_TEST_ID,ALUMNO_ALUMNO_ID) values (4,to_date('20-09-17','RR-MM-DD'),1,4);
Insert into PRUEBASQL.PRUEBA_INDIVIDUAL (PRUEBA_INDIVIDUAL_ID,FECHA_TOMA,TEST_TEST_ID,ALUMNO_ALUMNO_ID) values (5,to_date('20-09-17','RR-MM-DD'),1,5);
Insert into PRUEBASQL.PRUEBA_INDIVIDUAL (PRUEBA_INDIVIDUAL_ID,FECHA_TOMA,TEST_TEST_ID,ALUMNO_ALUMNO_ID) values (6,to_date('20-09-17','RR-MM-DD'),1,6);
Insert into PRUEBASQL.PRUEBA_INDIVIDUAL (PRUEBA_INDIVIDUAL_ID,FECHA_TOMA,TEST_TEST_ID,ALUMNO_ALUMNO_ID) values (7,to_date('20-09-17','RR-MM-DD'),1,7);
Insert into PRUEBASQL.PRUEBA_INDIVIDUAL (PRUEBA_INDIVIDUAL_ID,FECHA_TOMA,TEST_TEST_ID,ALUMNO_ALUMNO_ID) values (8,to_date('20-09-17','RR-MM-DD'),1,8);
Insert into PRUEBASQL.PRUEBA_INDIVIDUAL (PRUEBA_INDIVIDUAL_ID,FECHA_TOMA,TEST_TEST_ID,ALUMNO_ALUMNO_ID) values (9,to_date('20-09-17','RR-MM-DD'),1,9);
Insert into PRUEBASQL.PRUEBA_INDIVIDUAL (PRUEBA_INDIVIDUAL_ID,FECHA_TOMA,TEST_TEST_ID,ALUMNO_ALUMNO_ID) values (10,to_date('20-09-17','RR-MM-DD'),1,10);
Insert into PRUEBASQL.PRUEBA_INDIVIDUAL (PRUEBA_INDIVIDUAL_ID,FECHA_TOMA,TEST_TEST_ID,ALUMNO_ALUMNO_ID) values (11,to_date('20-10-15','RR-MM-DD'),2,11);
Insert into PRUEBASQL.PRUEBA_INDIVIDUAL (PRUEBA_INDIVIDUAL_ID,FECHA_TOMA,TEST_TEST_ID,ALUMNO_ALUMNO_ID) values (12,to_date('20-10-15','RR-MM-DD'),2,12);
Insert into PRUEBASQL.PRUEBA_INDIVIDUAL (PRUEBA_INDIVIDUAL_ID,FECHA_TOMA,TEST_TEST_ID,ALUMNO_ALUMNO_ID) values (13,to_date('20-10-15','RR-MM-DD'),2,13);
Insert into PRUEBASQL.PRUEBA_INDIVIDUAL (PRUEBA_INDIVIDUAL_ID,FECHA_TOMA,TEST_TEST_ID,ALUMNO_ALUMNO_ID) values (14,to_date('20-10-15','RR-MM-DD'),2,14);
Insert into PRUEBASQL.PRUEBA_INDIVIDUAL (PRUEBA_INDIVIDUAL_ID,FECHA_TOMA,TEST_TEST_ID,ALUMNO_ALUMNO_ID) values (15,to_date('20-10-15','RR-MM-DD'),2,15);
Insert into PRUEBASQL.PRUEBA_INDIVIDUAL (PRUEBA_INDIVIDUAL_ID,FECHA_TOMA,TEST_TEST_ID,ALUMNO_ALUMNO_ID) values (16,to_date('20-10-15','RR-MM-DD'),2,16);
Insert into PRUEBASQL.PRUEBA_INDIVIDUAL (PRUEBA_INDIVIDUAL_ID,FECHA_TOMA,TEST_TEST_ID,ALUMNO_ALUMNO_ID) values (17,to_date('20-10-15','RR-MM-DD'),2,17);
Insert into PRUEBASQL.PRUEBA_INDIVIDUAL (PRUEBA_INDIVIDUAL_ID,FECHA_TOMA,TEST_TEST_ID,ALUMNO_ALUMNO_ID) values (18,to_date('20-10-15','RR-MM-DD'),2,18);
Insert into PRUEBASQL.PRUEBA_INDIVIDUAL (PRUEBA_INDIVIDUAL_ID,FECHA_TOMA,TEST_TEST_ID,ALUMNO_ALUMNO_ID) values (19,to_date('20-10-15','RR-MM-DD'),2,19);
Insert into PRUEBASQL.PRUEBA_INDIVIDUAL (PRUEBA_INDIVIDUAL_ID,FECHA_TOMA,TEST_TEST_ID,ALUMNO_ALUMNO_ID) values (20,to_date('20-10-15','RR-MM-DD'),2,20);
REM INSERTING into PRUEBASQL.RESPUESTAS_ALUMNO
SET DEFINE OFF;
Insert into PRUEBASQL.RESPUESTAS_ALUMNO (RESPUESTA_ALUMNOID,RESPUESTA_ALUMNO,PREGUNTAS_PREGUNTAS_ID,PRU_IND_PRUEBA_INDIVIDUAL_ID,ALTERNATIVA_ID) values (1,1,1,1,1);
Insert into PRUEBASQL.RESPUESTAS_ALUMNO (RESPUESTA_ALUMNOID,RESPUESTA_ALUMNO,PREGUNTAS_PREGUNTAS_ID,PRU_IND_PRUEBA_INDIVIDUAL_ID,ALTERNATIVA_ID) values (2,0,1,1,2);
Insert into PRUEBASQL.RESPUESTAS_ALUMNO (RESPUESTA_ALUMNOID,RESPUESTA_ALUMNO,PREGUNTAS_PREGUNTAS_ID,PRU_IND_PRUEBA_INDIVIDUAL_ID,ALTERNATIVA_ID) values (3,0,1,1,3);
Insert into PRUEBASQL.RESPUESTAS_ALUMNO (RESPUESTA_ALUMNOID,RESPUESTA_ALUMNO,PREGUNTAS_PREGUNTAS_ID,PRU_IND_PRUEBA_INDIVIDUAL_ID,ALTERNATIVA_ID) values (4,1,2,1,4);
Insert into PRUEBASQL.RESPUESTAS_ALUMNO (RESPUESTA_ALUMNOID,RESPUESTA_ALUMNO,PREGUNTAS_PREGUNTAS_ID,PRU_IND_PRUEBA_INDIVIDUAL_ID,ALTERNATIVA_ID) values (5,0,2,1,5);
Insert into PRUEBASQL.RESPUESTAS_ALUMNO (RESPUESTA_ALUMNOID,RESPUESTA_ALUMNO,PREGUNTAS_PREGUNTAS_ID,PRU_IND_PRUEBA_INDIVIDUAL_ID,ALTERNATIVA_ID) values (6,0,2,1,6);
Insert into PRUEBASQL.RESPUESTAS_ALUMNO (RESPUESTA_ALUMNOID,RESPUESTA_ALUMNO,PREGUNTAS_PREGUNTAS_ID,PRU_IND_PRUEBA_INDIVIDUAL_ID,ALTERNATIVA_ID) values (7,1,3,1,7);
Insert into PRUEBASQL.RESPUESTAS_ALUMNO (RESPUESTA_ALUMNOID,RESPUESTA_ALUMNO,PREGUNTAS_PREGUNTAS_ID,PRU_IND_PRUEBA_INDIVIDUAL_ID,ALTERNATIVA_ID) values (8,1,3,1,8);
Insert into PRUEBASQL.RESPUESTAS_ALUMNO (RESPUESTA_ALUMNOID,RESPUESTA_ALUMNO,PREGUNTAS_PREGUNTAS_ID,PRU_IND_PRUEBA_INDIVIDUAL_ID,ALTERNATIVA_ID) values (9,0,3,1,9);
Insert into PRUEBASQL.RESPUESTAS_ALUMNO (RESPUESTA_ALUMNOID,RESPUESTA_ALUMNO,PREGUNTAS_PREGUNTAS_ID,PRU_IND_PRUEBA_INDIVIDUAL_ID,ALTERNATIVA_ID) values (10,1,4,1,10);
Insert into PRUEBASQL.RESPUESTAS_ALUMNO (RESPUESTA_ALUMNOID,RESPUESTA_ALUMNO,PREGUNTAS_PREGUNTAS_ID,PRU_IND_PRUEBA_INDIVIDUAL_ID,ALTERNATIVA_ID) values (11,0,4,1,11);
Insert into PRUEBASQL.RESPUESTAS_ALUMNO (RESPUESTA_ALUMNOID,RESPUESTA_ALUMNO,PREGUNTAS_PREGUNTAS_ID,PRU_IND_PRUEBA_INDIVIDUAL_ID,ALTERNATIVA_ID) values (12,0,4,1,12);
Insert into PRUEBASQL.RESPUESTAS_ALUMNO (RESPUESTA_ALUMNOID,RESPUESTA_ALUMNO,PREGUNTAS_PREGUNTAS_ID,PRU_IND_PRUEBA_INDIVIDUAL_ID,ALTERNATIVA_ID) values (13,1,5,1,13);
Insert into PRUEBASQL.RESPUESTAS_ALUMNO (RESPUESTA_ALUMNOID,RESPUESTA_ALUMNO,PREGUNTAS_PREGUNTAS_ID,PRU_IND_PRUEBA_INDIVIDUAL_ID,ALTERNATIVA_ID) values (14,0,5,1,14);
Insert into PRUEBASQL.RESPUESTAS_ALUMNO (RESPUESTA_ALUMNOID,RESPUESTA_ALUMNO,PREGUNTAS_PREGUNTAS_ID,PRU_IND_PRUEBA_INDIVIDUAL_ID,ALTERNATIVA_ID) values (15,0,5,1,15);
Insert into PRUEBASQL.RESPUESTAS_ALUMNO (RESPUESTA_ALUMNOID,RESPUESTA_ALUMNO,PREGUNTAS_PREGUNTAS_ID,PRU_IND_PRUEBA_INDIVIDUAL_ID,ALTERNATIVA_ID) values (16,1,6,1,16);
Insert into PRUEBASQL.RESPUESTAS_ALUMNO (RESPUESTA_ALUMNOID,RESPUESTA_ALUMNO,PREGUNTAS_PREGUNTAS_ID,PRU_IND_PRUEBA_INDIVIDUAL_ID,ALTERNATIVA_ID) values (17,0,6,1,17);
Insert into PRUEBASQL.RESPUESTAS_ALUMNO (RESPUESTA_ALUMNOID,RESPUESTA_ALUMNO,PREGUNTAS_PREGUNTAS_ID,PRU_IND_PRUEBA_INDIVIDUAL_ID,ALTERNATIVA_ID) values (18,0,6,1,18);
Insert into PRUEBASQL.RESPUESTAS_ALUMNO (RESPUESTA_ALUMNOID,RESPUESTA_ALUMNO,PREGUNTAS_PREGUNTAS_ID,PRU_IND_PRUEBA_INDIVIDUAL_ID,ALTERNATIVA_ID) values (19,1,8,1,19);
Insert into PRUEBASQL.RESPUESTAS_ALUMNO (RESPUESTA_ALUMNOID,RESPUESTA_ALUMNO,PREGUNTAS_PREGUNTAS_ID,PRU_IND_PRUEBA_INDIVIDUAL_ID,ALTERNATIVA_ID) values (20,1,8,1,20);
Insert into PRUEBASQL.RESPUESTAS_ALUMNO (RESPUESTA_ALUMNOID,RESPUESTA_ALUMNO,PREGUNTAS_PREGUNTAS_ID,PRU_IND_PRUEBA_INDIVIDUAL_ID,ALTERNATIVA_ID) values (61,1,1,2,1);
Insert into PRUEBASQL.RESPUESTAS_ALUMNO (RESPUESTA_ALUMNOID,RESPUESTA_ALUMNO,PREGUNTAS_PREGUNTAS_ID,PRU_IND_PRUEBA_INDIVIDUAL_ID,ALTERNATIVA_ID) values (62,0,1,2,2);
Insert into PRUEBASQL.RESPUESTAS_ALUMNO (RESPUESTA_ALUMNOID,RESPUESTA_ALUMNO,PREGUNTAS_PREGUNTAS_ID,PRU_IND_PRUEBA_INDIVIDUAL_ID,ALTERNATIVA_ID) values (63,0,1,2,3);
Insert into PRUEBASQL.RESPUESTAS_ALUMNO (RESPUESTA_ALUMNOID,RESPUESTA_ALUMNO,PREGUNTAS_PREGUNTAS_ID,PRU_IND_PRUEBA_INDIVIDUAL_ID,ALTERNATIVA_ID) values (64,1,2,2,4);
Insert into PRUEBASQL.RESPUESTAS_ALUMNO (RESPUESTA_ALUMNOID,RESPUESTA_ALUMNO,PREGUNTAS_PREGUNTAS_ID,PRU_IND_PRUEBA_INDIVIDUAL_ID,ALTERNATIVA_ID) values (65,0,2,2,5);
Insert into PRUEBASQL.RESPUESTAS_ALUMNO (RESPUESTA_ALUMNOID,RESPUESTA_ALUMNO,PREGUNTAS_PREGUNTAS_ID,PRU_IND_PRUEBA_INDIVIDUAL_ID,ALTERNATIVA_ID) values (66,0,2,2,6);
Insert into PRUEBASQL.RESPUESTAS_ALUMNO (RESPUESTA_ALUMNOID,RESPUESTA_ALUMNO,PREGUNTAS_PREGUNTAS_ID,PRU_IND_PRUEBA_INDIVIDUAL_ID,ALTERNATIVA_ID) values (67,1,3,2,7);
Insert into PRUEBASQL.RESPUESTAS_ALUMNO (RESPUESTA_ALUMNOID,RESPUESTA_ALUMNO,PREGUNTAS_PREGUNTAS_ID,PRU_IND_PRUEBA_INDIVIDUAL_ID,ALTERNATIVA_ID) values (68,1,3,2,8);
Insert into PRUEBASQL.RESPUESTAS_ALUMNO (RESPUESTA_ALUMNOID,RESPUESTA_ALUMNO,PREGUNTAS_PREGUNTAS_ID,PRU_IND_PRUEBA_INDIVIDUAL_ID,ALTERNATIVA_ID) values (69,0,3,2,9);
Insert into PRUEBASQL.RESPUESTAS_ALUMNO (RESPUESTA_ALUMNOID,RESPUESTA_ALUMNO,PREGUNTAS_PREGUNTAS_ID,PRU_IND_PRUEBA_INDIVIDUAL_ID,ALTERNATIVA_ID) values (70,1,4,2,10);
Insert into PRUEBASQL.RESPUESTAS_ALUMNO (RESPUESTA_ALUMNOID,RESPUESTA_ALUMNO,PREGUNTAS_PREGUNTAS_ID,PRU_IND_PRUEBA_INDIVIDUAL_ID,ALTERNATIVA_ID) values (71,0,4,2,11);
Insert into PRUEBASQL.RESPUESTAS_ALUMNO (RESPUESTA_ALUMNOID,RESPUESTA_ALUMNO,PREGUNTAS_PREGUNTAS_ID,PRU_IND_PRUEBA_INDIVIDUAL_ID,ALTERNATIVA_ID) values (72,0,4,2,12);
Insert into PRUEBASQL.RESPUESTAS_ALUMNO (RESPUESTA_ALUMNOID,RESPUESTA_ALUMNO,PREGUNTAS_PREGUNTAS_ID,PRU_IND_PRUEBA_INDIVIDUAL_ID,ALTERNATIVA_ID) values (73,1,5,2,13);
Insert into PRUEBASQL.RESPUESTAS_ALUMNO (RESPUESTA_ALUMNOID,RESPUESTA_ALUMNO,PREGUNTAS_PREGUNTAS_ID,PRU_IND_PRUEBA_INDIVIDUAL_ID,ALTERNATIVA_ID) values (74,0,5,2,14);
Insert into PRUEBASQL.RESPUESTAS_ALUMNO (RESPUESTA_ALUMNOID,RESPUESTA_ALUMNO,PREGUNTAS_PREGUNTAS_ID,PRU_IND_PRUEBA_INDIVIDUAL_ID,ALTERNATIVA_ID) values (75,0,5,2,15);
Insert into PRUEBASQL.RESPUESTAS_ALUMNO (RESPUESTA_ALUMNOID,RESPUESTA_ALUMNO,PREGUNTAS_PREGUNTAS_ID,PRU_IND_PRUEBA_INDIVIDUAL_ID,ALTERNATIVA_ID) values (76,1,6,2,16);
Insert into PRUEBASQL.RESPUESTAS_ALUMNO (RESPUESTA_ALUMNOID,RESPUESTA_ALUMNO,PREGUNTAS_PREGUNTAS_ID,PRU_IND_PRUEBA_INDIVIDUAL_ID,ALTERNATIVA_ID) values (77,1,6,2,17);
Insert into PRUEBASQL.RESPUESTAS_ALUMNO (RESPUESTA_ALUMNOID,RESPUESTA_ALUMNO,PREGUNTAS_PREGUNTAS_ID,PRU_IND_PRUEBA_INDIVIDUAL_ID,ALTERNATIVA_ID) values (78,0,6,2,18);
Insert into PRUEBASQL.RESPUESTAS_ALUMNO (RESPUESTA_ALUMNOID,RESPUESTA_ALUMNO,PREGUNTAS_PREGUNTAS_ID,PRU_IND_PRUEBA_INDIVIDUAL_ID,ALTERNATIVA_ID) values (79,1,8,2,19);
Insert into PRUEBASQL.RESPUESTAS_ALUMNO (RESPUESTA_ALUMNOID,RESPUESTA_ALUMNO,PREGUNTAS_PREGUNTAS_ID,PRU_IND_PRUEBA_INDIVIDUAL_ID,ALTERNATIVA_ID) values (80,1,8,2,20);
Insert into PRUEBASQL.RESPUESTAS_ALUMNO (RESPUESTA_ALUMNOID,RESPUESTA_ALUMNO,PREGUNTAS_PREGUNTAS_ID,PRU_IND_PRUEBA_INDIVIDUAL_ID,ALTERNATIVA_ID) values (81,0,8,2,21);
Insert into PRUEBASQL.RESPUESTAS_ALUMNO (RESPUESTA_ALUMNOID,RESPUESTA_ALUMNO,PREGUNTAS_PREGUNTAS_ID,PRU_IND_PRUEBA_INDIVIDUAL_ID,ALTERNATIVA_ID) values (82,1,7,2,22);
Insert into PRUEBASQL.RESPUESTAS_ALUMNO (RESPUESTA_ALUMNOID,RESPUESTA_ALUMNO,PREGUNTAS_PREGUNTAS_ID,PRU_IND_PRUEBA_INDIVIDUAL_ID,ALTERNATIVA_ID) values (83,0,7,2,23);
Insert into PRUEBASQL.RESPUESTAS_ALUMNO (RESPUESTA_ALUMNOID,RESPUESTA_ALUMNO,PREGUNTAS_PREGUNTAS_ID,PRU_IND_PRUEBA_INDIVIDUAL_ID,ALTERNATIVA_ID) values (84,0,7,2,24);
Insert into PRUEBASQL.RESPUESTAS_ALUMNO (RESPUESTA_ALUMNOID,RESPUESTA_ALUMNO,PREGUNTAS_PREGUNTAS_ID,PRU_IND_PRUEBA_INDIVIDUAL_ID,ALTERNATIVA_ID) values (85,1,9,2,25);
Insert into PRUEBASQL.RESPUESTAS_ALUMNO (RESPUESTA_ALUMNOID,RESPUESTA_ALUMNO,PREGUNTAS_PREGUNTAS_ID,PRU_IND_PRUEBA_INDIVIDUAL_ID,ALTERNATIVA_ID) values (86,1,9,2,26);
Insert into PRUEBASQL.RESPUESTAS_ALUMNO (RESPUESTA_ALUMNOID,RESPUESTA_ALUMNO,PREGUNTAS_PREGUNTAS_ID,PRU_IND_PRUEBA_INDIVIDUAL_ID,ALTERNATIVA_ID) values (87,0,9,2,27);
Insert into PRUEBASQL.RESPUESTAS_ALUMNO (RESPUESTA_ALUMNOID,RESPUESTA_ALUMNO,PREGUNTAS_PREGUNTAS_ID,PRU_IND_PRUEBA_INDIVIDUAL_ID,ALTERNATIVA_ID) values (88,0,10,2,28);
Insert into PRUEBASQL.RESPUESTAS_ALUMNO (RESPUESTA_ALUMNOID,RESPUESTA_ALUMNO,PREGUNTAS_PREGUNTAS_ID,PRU_IND_PRUEBA_INDIVIDUAL_ID,ALTERNATIVA_ID) values (89,0,10,2,29);
Insert into PRUEBASQL.RESPUESTAS_ALUMNO (RESPUESTA_ALUMNOID,RESPUESTA_ALUMNO,PREGUNTAS_PREGUNTAS_ID,PRU_IND_PRUEBA_INDIVIDUAL_ID,ALTERNATIVA_ID) values (90,1,10,2,30);
Insert into PRUEBASQL.RESPUESTAS_ALUMNO (RESPUESTA_ALUMNOID,RESPUESTA_ALUMNO,PREGUNTAS_PREGUNTAS_ID,PRU_IND_PRUEBA_INDIVIDUAL_ID,ALTERNATIVA_ID) values (91,1,1,3,1);
Insert into PRUEBASQL.RESPUESTAS_ALUMNO (RESPUESTA_ALUMNOID,RESPUESTA_ALUMNO,PREGUNTAS_PREGUNTAS_ID,PRU_IND_PRUEBA_INDIVIDUAL_ID,ALTERNATIVA_ID) values (92,0,1,3,2);
Insert into PRUEBASQL.RESPUESTAS_ALUMNO (RESPUESTA_ALUMNOID,RESPUESTA_ALUMNO,PREGUNTAS_PREGUNTAS_ID,PRU_IND_PRUEBA_INDIVIDUAL_ID,ALTERNATIVA_ID) values (93,0,1,3,3);
Insert into PRUEBASQL.RESPUESTAS_ALUMNO (RESPUESTA_ALUMNOID,RESPUESTA_ALUMNO,PREGUNTAS_PREGUNTAS_ID,PRU_IND_PRUEBA_INDIVIDUAL_ID,ALTERNATIVA_ID) values (94,1,2,3,4);
Insert into PRUEBASQL.RESPUESTAS_ALUMNO (RESPUESTA_ALUMNOID,RESPUESTA_ALUMNO,PREGUNTAS_PREGUNTAS_ID,PRU_IND_PRUEBA_INDIVIDUAL_ID,ALTERNATIVA_ID) values (95,0,2,3,5);
Insert into PRUEBASQL.RESPUESTAS_ALUMNO (RESPUESTA_ALUMNOID,RESPUESTA_ALUMNO,PREGUNTAS_PREGUNTAS_ID,PRU_IND_PRUEBA_INDIVIDUAL_ID,ALTERNATIVA_ID) values (96,0,2,3,6);
Insert into PRUEBASQL.RESPUESTAS_ALUMNO (RESPUESTA_ALUMNOID,RESPUESTA_ALUMNO,PREGUNTAS_PREGUNTAS_ID,PRU_IND_PRUEBA_INDIVIDUAL_ID,ALTERNATIVA_ID) values (97,1,3,3,7);
Insert into PRUEBASQL.RESPUESTAS_ALUMNO (RESPUESTA_ALUMNOID,RESPUESTA_ALUMNO,PREGUNTAS_PREGUNTAS_ID,PRU_IND_PRUEBA_INDIVIDUAL_ID,ALTERNATIVA_ID) values (98,1,3,3,8);
Insert into PRUEBASQL.RESPUESTAS_ALUMNO (RESPUESTA_ALUMNOID,RESPUESTA_ALUMNO,PREGUNTAS_PREGUNTAS_ID,PRU_IND_PRUEBA_INDIVIDUAL_ID,ALTERNATIVA_ID) values (99,0,3,3,9);
Insert into PRUEBASQL.RESPUESTAS_ALUMNO (RESPUESTA_ALUMNOID,RESPUESTA_ALUMNO,PREGUNTAS_PREGUNTAS_ID,PRU_IND_PRUEBA_INDIVIDUAL_ID,ALTERNATIVA_ID) values (100,1,4,3,10);
Insert into PRUEBASQL.RESPUESTAS_ALUMNO (RESPUESTA_ALUMNOID,RESPUESTA_ALUMNO,PREGUNTAS_PREGUNTAS_ID,PRU_IND_PRUEBA_INDIVIDUAL_ID,ALTERNATIVA_ID) values (101,0,4,3,11);
Insert into PRUEBASQL.RESPUESTAS_ALUMNO (RESPUESTA_ALUMNOID,RESPUESTA_ALUMNO,PREGUNTAS_PREGUNTAS_ID,PRU_IND_PRUEBA_INDIVIDUAL_ID,ALTERNATIVA_ID) values (102,0,4,3,12);
Insert into PRUEBASQL.RESPUESTAS_ALUMNO (RESPUESTA_ALUMNOID,RESPUESTA_ALUMNO,PREGUNTAS_PREGUNTAS_ID,PRU_IND_PRUEBA_INDIVIDUAL_ID,ALTERNATIVA_ID) values (103,1,5,3,13);
Insert into PRUEBASQL.RESPUESTAS_ALUMNO (RESPUESTA_ALUMNOID,RESPUESTA_ALUMNO,PREGUNTAS_PREGUNTAS_ID,PRU_IND_PRUEBA_INDIVIDUAL_ID,ALTERNATIVA_ID) values (104,0,5,3,14);
Insert into PRUEBASQL.RESPUESTAS_ALUMNO (RESPUESTA_ALUMNOID,RESPUESTA_ALUMNO,PREGUNTAS_PREGUNTAS_ID,PRU_IND_PRUEBA_INDIVIDUAL_ID,ALTERNATIVA_ID) values (105,0,5,3,15);
Insert into PRUEBASQL.RESPUESTAS_ALUMNO (RESPUESTA_ALUMNOID,RESPUESTA_ALUMNO,PREGUNTAS_PREGUNTAS_ID,PRU_IND_PRUEBA_INDIVIDUAL_ID,ALTERNATIVA_ID) values (106,1,6,3,16);
Insert into PRUEBASQL.RESPUESTAS_ALUMNO (RESPUESTA_ALUMNOID,RESPUESTA_ALUMNO,PREGUNTAS_PREGUNTAS_ID,PRU_IND_PRUEBA_INDIVIDUAL_ID,ALTERNATIVA_ID) values (107,1,6,3,17);
Insert into PRUEBASQL.RESPUESTAS_ALUMNO (RESPUESTA_ALUMNOID,RESPUESTA_ALUMNO,PREGUNTAS_PREGUNTAS_ID,PRU_IND_PRUEBA_INDIVIDUAL_ID,ALTERNATIVA_ID) values (108,0,6,3,18);
Insert into PRUEBASQL.RESPUESTAS_ALUMNO (RESPUESTA_ALUMNOID,RESPUESTA_ALUMNO,PREGUNTAS_PREGUNTAS_ID,PRU_IND_PRUEBA_INDIVIDUAL_ID,ALTERNATIVA_ID) values (109,1,8,3,19);
Insert into PRUEBASQL.RESPUESTAS_ALUMNO (RESPUESTA_ALUMNOID,RESPUESTA_ALUMNO,PREGUNTAS_PREGUNTAS_ID,PRU_IND_PRUEBA_INDIVIDUAL_ID,ALTERNATIVA_ID) values (110,1,8,3,20);
Insert into PRUEBASQL.RESPUESTAS_ALUMNO (RESPUESTA_ALUMNOID,RESPUESTA_ALUMNO,PREGUNTAS_PREGUNTAS_ID,PRU_IND_PRUEBA_INDIVIDUAL_ID,ALTERNATIVA_ID) values (111,0,8,3,21);
Insert into PRUEBASQL.RESPUESTAS_ALUMNO (RESPUESTA_ALUMNOID,RESPUESTA_ALUMNO,PREGUNTAS_PREGUNTAS_ID,PRU_IND_PRUEBA_INDIVIDUAL_ID,ALTERNATIVA_ID) values (112,1,7,3,22);
Insert into PRUEBASQL.RESPUESTAS_ALUMNO (RESPUESTA_ALUMNOID,RESPUESTA_ALUMNO,PREGUNTAS_PREGUNTAS_ID,PRU_IND_PRUEBA_INDIVIDUAL_ID,ALTERNATIVA_ID) values (113,0,7,3,23);
Insert into PRUEBASQL.RESPUESTAS_ALUMNO (RESPUESTA_ALUMNOID,RESPUESTA_ALUMNO,PREGUNTAS_PREGUNTAS_ID,PRU_IND_PRUEBA_INDIVIDUAL_ID,ALTERNATIVA_ID) values (114,0,7,3,24);
Insert into PRUEBASQL.RESPUESTAS_ALUMNO (RESPUESTA_ALUMNOID,RESPUESTA_ALUMNO,PREGUNTAS_PREGUNTAS_ID,PRU_IND_PRUEBA_INDIVIDUAL_ID,ALTERNATIVA_ID) values (115,1,9,3,25);
Insert into PRUEBASQL.RESPUESTAS_ALUMNO (RESPUESTA_ALUMNOID,RESPUESTA_ALUMNO,PREGUNTAS_PREGUNTAS_ID,PRU_IND_PRUEBA_INDIVIDUAL_ID,ALTERNATIVA_ID) values (116,1,9,3,26);
Insert into PRUEBASQL.RESPUESTAS_ALUMNO (RESPUESTA_ALUMNOID,RESPUESTA_ALUMNO,PREGUNTAS_PREGUNTAS_ID,PRU_IND_PRUEBA_INDIVIDUAL_ID,ALTERNATIVA_ID) values (117,0,9,3,27);
Insert into PRUEBASQL.RESPUESTAS_ALUMNO (RESPUESTA_ALUMNOID,RESPUESTA_ALUMNO,PREGUNTAS_PREGUNTAS_ID,PRU_IND_PRUEBA_INDIVIDUAL_ID,ALTERNATIVA_ID) values (118,0,10,3,28);
Insert into PRUEBASQL.RESPUESTAS_ALUMNO (RESPUESTA_ALUMNOID,RESPUESTA_ALUMNO,PREGUNTAS_PREGUNTAS_ID,PRU_IND_PRUEBA_INDIVIDUAL_ID,ALTERNATIVA_ID) values (119,0,10,3,29);
Insert into PRUEBASQL.RESPUESTAS_ALUMNO (RESPUESTA_ALUMNOID,RESPUESTA_ALUMNO,PREGUNTAS_PREGUNTAS_ID,PRU_IND_PRUEBA_INDIVIDUAL_ID,ALTERNATIVA_ID) values (120,1,10,3,30);
Insert into PRUEBASQL.RESPUESTAS_ALUMNO (RESPUESTA_ALUMNOID,RESPUESTA_ALUMNO,PREGUNTAS_PREGUNTAS_ID,PRU_IND_PRUEBA_INDIVIDUAL_ID,ALTERNATIVA_ID) values (121,1,1,4,1);
Insert into PRUEBASQL.RESPUESTAS_ALUMNO (RESPUESTA_ALUMNOID,RESPUESTA_ALUMNO,PREGUNTAS_PREGUNTAS_ID,PRU_IND_PRUEBA_INDIVIDUAL_ID,ALTERNATIVA_ID) values (122,0,1,4,2);
Insert into PRUEBASQL.RESPUESTAS_ALUMNO (RESPUESTA_ALUMNOID,RESPUESTA_ALUMNO,PREGUNTAS_PREGUNTAS_ID,PRU_IND_PRUEBA_INDIVIDUAL_ID,ALTERNATIVA_ID) values (123,0,1,4,3);
Insert into PRUEBASQL.RESPUESTAS_ALUMNO (RESPUESTA_ALUMNOID,RESPUESTA_ALUMNO,PREGUNTAS_PREGUNTAS_ID,PRU_IND_PRUEBA_INDIVIDUAL_ID,ALTERNATIVA_ID) values (124,1,2,4,4);
Insert into PRUEBASQL.RESPUESTAS_ALUMNO (RESPUESTA_ALUMNOID,RESPUESTA_ALUMNO,PREGUNTAS_PREGUNTAS_ID,PRU_IND_PRUEBA_INDIVIDUAL_ID,ALTERNATIVA_ID) values (125,0,2,4,5);
Insert into PRUEBASQL.RESPUESTAS_ALUMNO (RESPUESTA_ALUMNOID,RESPUESTA_ALUMNO,PREGUNTAS_PREGUNTAS_ID,PRU_IND_PRUEBA_INDIVIDUAL_ID,ALTERNATIVA_ID) values (126,0,2,4,6);
Insert into PRUEBASQL.RESPUESTAS_ALUMNO (RESPUESTA_ALUMNOID,RESPUESTA_ALUMNO,PREGUNTAS_PREGUNTAS_ID,PRU_IND_PRUEBA_INDIVIDUAL_ID,ALTERNATIVA_ID) values (127,1,3,4,7);
Insert into PRUEBASQL.RESPUESTAS_ALUMNO (RESPUESTA_ALUMNOID,RESPUESTA_ALUMNO,PREGUNTAS_PREGUNTAS_ID,PRU_IND_PRUEBA_INDIVIDUAL_ID,ALTERNATIVA_ID) values (128,1,3,4,8);
Insert into PRUEBASQL.RESPUESTAS_ALUMNO (RESPUESTA_ALUMNOID,RESPUESTA_ALUMNO,PREGUNTAS_PREGUNTAS_ID,PRU_IND_PRUEBA_INDIVIDUAL_ID,ALTERNATIVA_ID) values (129,0,3,4,9);
Insert into PRUEBASQL.RESPUESTAS_ALUMNO (RESPUESTA_ALUMNOID,RESPUESTA_ALUMNO,PREGUNTAS_PREGUNTAS_ID,PRU_IND_PRUEBA_INDIVIDUAL_ID,ALTERNATIVA_ID) values (130,1,4,4,10);
Insert into PRUEBASQL.RESPUESTAS_ALUMNO (RESPUESTA_ALUMNOID,RESPUESTA_ALUMNO,PREGUNTAS_PREGUNTAS_ID,PRU_IND_PRUEBA_INDIVIDUAL_ID,ALTERNATIVA_ID) values (131,0,4,4,11);
Insert into PRUEBASQL.RESPUESTAS_ALUMNO (RESPUESTA_ALUMNOID,RESPUESTA_ALUMNO,PREGUNTAS_PREGUNTAS_ID,PRU_IND_PRUEBA_INDIVIDUAL_ID,ALTERNATIVA_ID) values (132,0,4,4,12);
Insert into PRUEBASQL.RESPUESTAS_ALUMNO (RESPUESTA_ALUMNOID,RESPUESTA_ALUMNO,PREGUNTAS_PREGUNTAS_ID,PRU_IND_PRUEBA_INDIVIDUAL_ID,ALTERNATIVA_ID) values (133,1,5,4,13);
Insert into PRUEBASQL.RESPUESTAS_ALUMNO (RESPUESTA_ALUMNOID,RESPUESTA_ALUMNO,PREGUNTAS_PREGUNTAS_ID,PRU_IND_PRUEBA_INDIVIDUAL_ID,ALTERNATIVA_ID) values (134,0,5,4,14);
Insert into PRUEBASQL.RESPUESTAS_ALUMNO (RESPUESTA_ALUMNOID,RESPUESTA_ALUMNO,PREGUNTAS_PREGUNTAS_ID,PRU_IND_PRUEBA_INDIVIDUAL_ID,ALTERNATIVA_ID) values (135,0,5,4,15);
Insert into PRUEBASQL.RESPUESTAS_ALUMNO (RESPUESTA_ALUMNOID,RESPUESTA_ALUMNO,PREGUNTAS_PREGUNTAS_ID,PRU_IND_PRUEBA_INDIVIDUAL_ID,ALTERNATIVA_ID) values (136,1,6,4,16);
Insert into PRUEBASQL.RESPUESTAS_ALUMNO (RESPUESTA_ALUMNOID,RESPUESTA_ALUMNO,PREGUNTAS_PREGUNTAS_ID,PRU_IND_PRUEBA_INDIVIDUAL_ID,ALTERNATIVA_ID) values (137,1,6,4,17);
Insert into PRUEBASQL.RESPUESTAS_ALUMNO (RESPUESTA_ALUMNOID,RESPUESTA_ALUMNO,PREGUNTAS_PREGUNTAS_ID,PRU_IND_PRUEBA_INDIVIDUAL_ID,ALTERNATIVA_ID) values (138,0,6,4,18);
Insert into PRUEBASQL.RESPUESTAS_ALUMNO (RESPUESTA_ALUMNOID,RESPUESTA_ALUMNO,PREGUNTAS_PREGUNTAS_ID,PRU_IND_PRUEBA_INDIVIDUAL_ID,ALTERNATIVA_ID) values (139,1,8,4,19);
Insert into PRUEBASQL.RESPUESTAS_ALUMNO (RESPUESTA_ALUMNOID,RESPUESTA_ALUMNO,PREGUNTAS_PREGUNTAS_ID,PRU_IND_PRUEBA_INDIVIDUAL_ID,ALTERNATIVA_ID) values (140,1,8,4,20);
Insert into PRUEBASQL.RESPUESTAS_ALUMNO (RESPUESTA_ALUMNOID,RESPUESTA_ALUMNO,PREGUNTAS_PREGUNTAS_ID,PRU_IND_PRUEBA_INDIVIDUAL_ID,ALTERNATIVA_ID) values (141,0,8,4,21);
Insert into PRUEBASQL.RESPUESTAS_ALUMNO (RESPUESTA_ALUMNOID,RESPUESTA_ALUMNO,PREGUNTAS_PREGUNTAS_ID,PRU_IND_PRUEBA_INDIVIDUAL_ID,ALTERNATIVA_ID) values (142,1,7,4,22);
Insert into PRUEBASQL.RESPUESTAS_ALUMNO (RESPUESTA_ALUMNOID,RESPUESTA_ALUMNO,PREGUNTAS_PREGUNTAS_ID,PRU_IND_PRUEBA_INDIVIDUAL_ID,ALTERNATIVA_ID) values (143,0,7,4,23);
Insert into PRUEBASQL.RESPUESTAS_ALUMNO (RESPUESTA_ALUMNOID,RESPUESTA_ALUMNO,PREGUNTAS_PREGUNTAS_ID,PRU_IND_PRUEBA_INDIVIDUAL_ID,ALTERNATIVA_ID) values (144,0,7,4,24);
Insert into PRUEBASQL.RESPUESTAS_ALUMNO (RESPUESTA_ALUMNOID,RESPUESTA_ALUMNO,PREGUNTAS_PREGUNTAS_ID,PRU_IND_PRUEBA_INDIVIDUAL_ID,ALTERNATIVA_ID) values (145,1,9,4,25);
Insert into PRUEBASQL.RESPUESTAS_ALUMNO (RESPUESTA_ALUMNOID,RESPUESTA_ALUMNO,PREGUNTAS_PREGUNTAS_ID,PRU_IND_PRUEBA_INDIVIDUAL_ID,ALTERNATIVA_ID) values (146,1,9,4,26);
Insert into PRUEBASQL.RESPUESTAS_ALUMNO (RESPUESTA_ALUMNOID,RESPUESTA_ALUMNO,PREGUNTAS_PREGUNTAS_ID,PRU_IND_PRUEBA_INDIVIDUAL_ID,ALTERNATIVA_ID) values (147,0,9,4,27);
Insert into PRUEBASQL.RESPUESTAS_ALUMNO (RESPUESTA_ALUMNOID,RESPUESTA_ALUMNO,PREGUNTAS_PREGUNTAS_ID,PRU_IND_PRUEBA_INDIVIDUAL_ID,ALTERNATIVA_ID) values (148,0,10,4,28);
Insert into PRUEBASQL.RESPUESTAS_ALUMNO (RESPUESTA_ALUMNOID,RESPUESTA_ALUMNO,PREGUNTAS_PREGUNTAS_ID,PRU_IND_PRUEBA_INDIVIDUAL_ID,ALTERNATIVA_ID) values (149,0,10,4,29);
Insert into PRUEBASQL.RESPUESTAS_ALUMNO (RESPUESTA_ALUMNOID,RESPUESTA_ALUMNO,PREGUNTAS_PREGUNTAS_ID,PRU_IND_PRUEBA_INDIVIDUAL_ID,ALTERNATIVA_ID) values (150,1,10,4,30);
Insert into PRUEBASQL.RESPUESTAS_ALUMNO (RESPUESTA_ALUMNOID,RESPUESTA_ALUMNO,PREGUNTAS_PREGUNTAS_ID,PRU_IND_PRUEBA_INDIVIDUAL_ID,ALTERNATIVA_ID) values (151,1,1,5,1);
Insert into PRUEBASQL.RESPUESTAS_ALUMNO (RESPUESTA_ALUMNOID,RESPUESTA_ALUMNO,PREGUNTAS_PREGUNTAS_ID,PRU_IND_PRUEBA_INDIVIDUAL_ID,ALTERNATIVA_ID) values (152,0,1,5,2);
Insert into PRUEBASQL.RESPUESTAS_ALUMNO (RESPUESTA_ALUMNOID,RESPUESTA_ALUMNO,PREGUNTAS_PREGUNTAS_ID,PRU_IND_PRUEBA_INDIVIDUAL_ID,ALTERNATIVA_ID) values (153,0,1,5,3);
Insert into PRUEBASQL.RESPUESTAS_ALUMNO (RESPUESTA_ALUMNOID,RESPUESTA_ALUMNO,PREGUNTAS_PREGUNTAS_ID,PRU_IND_PRUEBA_INDIVIDUAL_ID,ALTERNATIVA_ID) values (154,1,2,5,4);
Insert into PRUEBASQL.RESPUESTAS_ALUMNO (RESPUESTA_ALUMNOID,RESPUESTA_ALUMNO,PREGUNTAS_PREGUNTAS_ID,PRU_IND_PRUEBA_INDIVIDUAL_ID,ALTERNATIVA_ID) values (155,0,2,5,5);
Insert into PRUEBASQL.RESPUESTAS_ALUMNO (RESPUESTA_ALUMNOID,RESPUESTA_ALUMNO,PREGUNTAS_PREGUNTAS_ID,PRU_IND_PRUEBA_INDIVIDUAL_ID,ALTERNATIVA_ID) values (156,0,2,5,6);
Insert into PRUEBASQL.RESPUESTAS_ALUMNO (RESPUESTA_ALUMNOID,RESPUESTA_ALUMNO,PREGUNTAS_PREGUNTAS_ID,PRU_IND_PRUEBA_INDIVIDUAL_ID,ALTERNATIVA_ID) values (157,1,3,5,7);
Insert into PRUEBASQL.RESPUESTAS_ALUMNO (RESPUESTA_ALUMNOID,RESPUESTA_ALUMNO,PREGUNTAS_PREGUNTAS_ID,PRU_IND_PRUEBA_INDIVIDUAL_ID,ALTERNATIVA_ID) values (158,1,3,5,8);
Insert into PRUEBASQL.RESPUESTAS_ALUMNO (RESPUESTA_ALUMNOID,RESPUESTA_ALUMNO,PREGUNTAS_PREGUNTAS_ID,PRU_IND_PRUEBA_INDIVIDUAL_ID,ALTERNATIVA_ID) values (159,0,3,5,9);
Insert into PRUEBASQL.RESPUESTAS_ALUMNO (RESPUESTA_ALUMNOID,RESPUESTA_ALUMNO,PREGUNTAS_PREGUNTAS_ID,PRU_IND_PRUEBA_INDIVIDUAL_ID,ALTERNATIVA_ID) values (160,1,4,5,10);
Insert into PRUEBASQL.RESPUESTAS_ALUMNO (RESPUESTA_ALUMNOID,RESPUESTA_ALUMNO,PREGUNTAS_PREGUNTAS_ID,PRU_IND_PRUEBA_INDIVIDUAL_ID,ALTERNATIVA_ID) values (161,0,4,5,11);
Insert into PRUEBASQL.RESPUESTAS_ALUMNO (RESPUESTA_ALUMNOID,RESPUESTA_ALUMNO,PREGUNTAS_PREGUNTAS_ID,PRU_IND_PRUEBA_INDIVIDUAL_ID,ALTERNATIVA_ID) values (162,0,4,5,12);
Insert into PRUEBASQL.RESPUESTAS_ALUMNO (RESPUESTA_ALUMNOID,RESPUESTA_ALUMNO,PREGUNTAS_PREGUNTAS_ID,PRU_IND_PRUEBA_INDIVIDUAL_ID,ALTERNATIVA_ID) values (163,1,5,5,13);
Insert into PRUEBASQL.RESPUESTAS_ALUMNO (RESPUESTA_ALUMNOID,RESPUESTA_ALUMNO,PREGUNTAS_PREGUNTAS_ID,PRU_IND_PRUEBA_INDIVIDUAL_ID,ALTERNATIVA_ID) values (164,0,5,5,14);
Insert into PRUEBASQL.RESPUESTAS_ALUMNO (RESPUESTA_ALUMNOID,RESPUESTA_ALUMNO,PREGUNTAS_PREGUNTAS_ID,PRU_IND_PRUEBA_INDIVIDUAL_ID,ALTERNATIVA_ID) values (165,0,5,5,15);
Insert into PRUEBASQL.RESPUESTAS_ALUMNO (RESPUESTA_ALUMNOID,RESPUESTA_ALUMNO,PREGUNTAS_PREGUNTAS_ID,PRU_IND_PRUEBA_INDIVIDUAL_ID,ALTERNATIVA_ID) values (166,1,6,5,16);
Insert into PRUEBASQL.RESPUESTAS_ALUMNO (RESPUESTA_ALUMNOID,RESPUESTA_ALUMNO,PREGUNTAS_PREGUNTAS_ID,PRU_IND_PRUEBA_INDIVIDUAL_ID,ALTERNATIVA_ID) values (167,1,6,5,17);
Insert into PRUEBASQL.RESPUESTAS_ALUMNO (RESPUESTA_ALUMNOID,RESPUESTA_ALUMNO,PREGUNTAS_PREGUNTAS_ID,PRU_IND_PRUEBA_INDIVIDUAL_ID,ALTERNATIVA_ID) values (168,0,6,5,18);
Insert into PRUEBASQL.RESPUESTAS_ALUMNO (RESPUESTA_ALUMNOID,RESPUESTA_ALUMNO,PREGUNTAS_PREGUNTAS_ID,PRU_IND_PRUEBA_INDIVIDUAL_ID,ALTERNATIVA_ID) values (169,1,8,5,19);
Insert into PRUEBASQL.RESPUESTAS_ALUMNO (RESPUESTA_ALUMNOID,RESPUESTA_ALUMNO,PREGUNTAS_PREGUNTAS_ID,PRU_IND_PRUEBA_INDIVIDUAL_ID,ALTERNATIVA_ID) values (170,1,8,5,20);
Insert into PRUEBASQL.RESPUESTAS_ALUMNO (RESPUESTA_ALUMNOID,RESPUESTA_ALUMNO,PREGUNTAS_PREGUNTAS_ID,PRU_IND_PRUEBA_INDIVIDUAL_ID,ALTERNATIVA_ID) values (171,0,8,5,21);
Insert into PRUEBASQL.RESPUESTAS_ALUMNO (RESPUESTA_ALUMNOID,RESPUESTA_ALUMNO,PREGUNTAS_PREGUNTAS_ID,PRU_IND_PRUEBA_INDIVIDUAL_ID,ALTERNATIVA_ID) values (172,1,7,5,22);
Insert into PRUEBASQL.RESPUESTAS_ALUMNO (RESPUESTA_ALUMNOID,RESPUESTA_ALUMNO,PREGUNTAS_PREGUNTAS_ID,PRU_IND_PRUEBA_INDIVIDUAL_ID,ALTERNATIVA_ID) values (173,0,7,5,23);
Insert into PRUEBASQL.RESPUESTAS_ALUMNO (RESPUESTA_ALUMNOID,RESPUESTA_ALUMNO,PREGUNTAS_PREGUNTAS_ID,PRU_IND_PRUEBA_INDIVIDUAL_ID,ALTERNATIVA_ID) values (174,0,7,5,24);
Insert into PRUEBASQL.RESPUESTAS_ALUMNO (RESPUESTA_ALUMNOID,RESPUESTA_ALUMNO,PREGUNTAS_PREGUNTAS_ID,PRU_IND_PRUEBA_INDIVIDUAL_ID,ALTERNATIVA_ID) values (175,1,9,5,25);
Insert into PRUEBASQL.RESPUESTAS_ALUMNO (RESPUESTA_ALUMNOID,RESPUESTA_ALUMNO,PREGUNTAS_PREGUNTAS_ID,PRU_IND_PRUEBA_INDIVIDUAL_ID,ALTERNATIVA_ID) values (176,1,9,5,26);
Insert into PRUEBASQL.RESPUESTAS_ALUMNO (RESPUESTA_ALUMNOID,RESPUESTA_ALUMNO,PREGUNTAS_PREGUNTAS_ID,PRU_IND_PRUEBA_INDIVIDUAL_ID,ALTERNATIVA_ID) values (177,0,9,5,27);
Insert into PRUEBASQL.RESPUESTAS_ALUMNO (RESPUESTA_ALUMNOID,RESPUESTA_ALUMNO,PREGUNTAS_PREGUNTAS_ID,PRU_IND_PRUEBA_INDIVIDUAL_ID,ALTERNATIVA_ID) values (178,0,10,5,28);
Insert into PRUEBASQL.RESPUESTAS_ALUMNO (RESPUESTA_ALUMNOID,RESPUESTA_ALUMNO,PREGUNTAS_PREGUNTAS_ID,PRU_IND_PRUEBA_INDIVIDUAL_ID,ALTERNATIVA_ID) values (179,0,10,5,29);
Insert into PRUEBASQL.RESPUESTAS_ALUMNO (RESPUESTA_ALUMNOID,RESPUESTA_ALUMNO,PREGUNTAS_PREGUNTAS_ID,PRU_IND_PRUEBA_INDIVIDUAL_ID,ALTERNATIVA_ID) values (180,1,10,5,30);
Insert into PRUEBASQL.RESPUESTAS_ALUMNO (RESPUESTA_ALUMNOID,RESPUESTA_ALUMNO,PREGUNTAS_PREGUNTAS_ID,PRU_IND_PRUEBA_INDIVIDUAL_ID,ALTERNATIVA_ID) values (181,1,11,12,31);
Insert into PRUEBASQL.RESPUESTAS_ALUMNO (RESPUESTA_ALUMNOID,RESPUESTA_ALUMNO,PREGUNTAS_PREGUNTAS_ID,PRU_IND_PRUEBA_INDIVIDUAL_ID,ALTERNATIVA_ID) values (182,0,11,12,32);
Insert into PRUEBASQL.RESPUESTAS_ALUMNO (RESPUESTA_ALUMNOID,RESPUESTA_ALUMNO,PREGUNTAS_PREGUNTAS_ID,PRU_IND_PRUEBA_INDIVIDUAL_ID,ALTERNATIVA_ID) values (183,0,11,12,33);
Insert into PRUEBASQL.RESPUESTAS_ALUMNO (RESPUESTA_ALUMNOID,RESPUESTA_ALUMNO,PREGUNTAS_PREGUNTAS_ID,PRU_IND_PRUEBA_INDIVIDUAL_ID,ALTERNATIVA_ID) values (184,1,12,12,34);
Insert into PRUEBASQL.RESPUESTAS_ALUMNO (RESPUESTA_ALUMNOID,RESPUESTA_ALUMNO,PREGUNTAS_PREGUNTAS_ID,PRU_IND_PRUEBA_INDIVIDUAL_ID,ALTERNATIVA_ID) values (185,0,12,12,35);
Insert into PRUEBASQL.RESPUESTAS_ALUMNO (RESPUESTA_ALUMNOID,RESPUESTA_ALUMNO,PREGUNTAS_PREGUNTAS_ID,PRU_IND_PRUEBA_INDIVIDUAL_ID,ALTERNATIVA_ID) values (186,0,12,12,36);
Insert into PRUEBASQL.RESPUESTAS_ALUMNO (RESPUESTA_ALUMNOID,RESPUESTA_ALUMNO,PREGUNTAS_PREGUNTAS_ID,PRU_IND_PRUEBA_INDIVIDUAL_ID,ALTERNATIVA_ID) values (187,0,13,12,37);
Insert into PRUEBASQL.RESPUESTAS_ALUMNO (RESPUESTA_ALUMNOID,RESPUESTA_ALUMNO,PREGUNTAS_PREGUNTAS_ID,PRU_IND_PRUEBA_INDIVIDUAL_ID,ALTERNATIVA_ID) values (188,1,13,12,38);
Insert into PRUEBASQL.RESPUESTAS_ALUMNO (RESPUESTA_ALUMNOID,RESPUESTA_ALUMNO,PREGUNTAS_PREGUNTAS_ID,PRU_IND_PRUEBA_INDIVIDUAL_ID,ALTERNATIVA_ID) values (189,1,13,12,39);
Insert into PRUEBASQL.RESPUESTAS_ALUMNO (RESPUESTA_ALUMNOID,RESPUESTA_ALUMNO,PREGUNTAS_PREGUNTAS_ID,PRU_IND_PRUEBA_INDIVIDUAL_ID,ALTERNATIVA_ID) values (190,1,14,12,40);
Insert into PRUEBASQL.RESPUESTAS_ALUMNO (RESPUESTA_ALUMNOID,RESPUESTA_ALUMNO,PREGUNTAS_PREGUNTAS_ID,PRU_IND_PRUEBA_INDIVIDUAL_ID,ALTERNATIVA_ID) values (191,0,14,12,41);
Insert into PRUEBASQL.RESPUESTAS_ALUMNO (RESPUESTA_ALUMNOID,RESPUESTA_ALUMNO,PREGUNTAS_PREGUNTAS_ID,PRU_IND_PRUEBA_INDIVIDUAL_ID,ALTERNATIVA_ID) values (192,0,14,12,42);
Insert into PRUEBASQL.RESPUESTAS_ALUMNO (RESPUESTA_ALUMNOID,RESPUESTA_ALUMNO,PREGUNTAS_PREGUNTAS_ID,PRU_IND_PRUEBA_INDIVIDUAL_ID,ALTERNATIVA_ID) values (193,1,15,12,43);
Insert into PRUEBASQL.RESPUESTAS_ALUMNO (RESPUESTA_ALUMNOID,RESPUESTA_ALUMNO,PREGUNTAS_PREGUNTAS_ID,PRU_IND_PRUEBA_INDIVIDUAL_ID,ALTERNATIVA_ID) values (194,1,15,12,44);
Insert into PRUEBASQL.RESPUESTAS_ALUMNO (RESPUESTA_ALUMNOID,RESPUESTA_ALUMNO,PREGUNTAS_PREGUNTAS_ID,PRU_IND_PRUEBA_INDIVIDUAL_ID,ALTERNATIVA_ID) values (195,0,15,12,45);
Insert into PRUEBASQL.RESPUESTAS_ALUMNO (RESPUESTA_ALUMNOID,RESPUESTA_ALUMNO,PREGUNTAS_PREGUNTAS_ID,PRU_IND_PRUEBA_INDIVIDUAL_ID,ALTERNATIVA_ID) values (196,0,16,12,46);
Insert into PRUEBASQL.RESPUESTAS_ALUMNO (RESPUESTA_ALUMNOID,RESPUESTA_ALUMNO,PREGUNTAS_PREGUNTAS_ID,PRU_IND_PRUEBA_INDIVIDUAL_ID,ALTERNATIVA_ID) values (197,0,16,12,47);
Insert into PRUEBASQL.RESPUESTAS_ALUMNO (RESPUESTA_ALUMNOID,RESPUESTA_ALUMNO,PREGUNTAS_PREGUNTAS_ID,PRU_IND_PRUEBA_INDIVIDUAL_ID,ALTERNATIVA_ID) values (198,1,16,12,48);
Insert into PRUEBASQL.RESPUESTAS_ALUMNO (RESPUESTA_ALUMNOID,RESPUESTA_ALUMNO,PREGUNTAS_PREGUNTAS_ID,PRU_IND_PRUEBA_INDIVIDUAL_ID,ALTERNATIVA_ID) values (199,0,17,12,49);
Insert into PRUEBASQL.RESPUESTAS_ALUMNO (RESPUESTA_ALUMNOID,RESPUESTA_ALUMNO,PREGUNTAS_PREGUNTAS_ID,PRU_IND_PRUEBA_INDIVIDUAL_ID,ALTERNATIVA_ID) values (200,0,17,12,50);
Insert into PRUEBASQL.RESPUESTAS_ALUMNO (RESPUESTA_ALUMNOID,RESPUESTA_ALUMNO,PREGUNTAS_PREGUNTAS_ID,PRU_IND_PRUEBA_INDIVIDUAL_ID,ALTERNATIVA_ID) values (201,1,17,12,51);
Insert into PRUEBASQL.RESPUESTAS_ALUMNO (RESPUESTA_ALUMNOID,RESPUESTA_ALUMNO,PREGUNTAS_PREGUNTAS_ID,PRU_IND_PRUEBA_INDIVIDUAL_ID,ALTERNATIVA_ID) values (202,1,18,12,52);
Insert into PRUEBASQL.RESPUESTAS_ALUMNO (RESPUESTA_ALUMNOID,RESPUESTA_ALUMNO,PREGUNTAS_PREGUNTAS_ID,PRU_IND_PRUEBA_INDIVIDUAL_ID,ALTERNATIVA_ID) values (203,0,18,12,53);
Insert into PRUEBASQL.RESPUESTAS_ALUMNO (RESPUESTA_ALUMNOID,RESPUESTA_ALUMNO,PREGUNTAS_PREGUNTAS_ID,PRU_IND_PRUEBA_INDIVIDUAL_ID,ALTERNATIVA_ID) values (204,1,18,12,54);
Insert into PRUEBASQL.RESPUESTAS_ALUMNO (RESPUESTA_ALUMNOID,RESPUESTA_ALUMNO,PREGUNTAS_PREGUNTAS_ID,PRU_IND_PRUEBA_INDIVIDUAL_ID,ALTERNATIVA_ID) values (205,0,19,12,55);
Insert into PRUEBASQL.RESPUESTAS_ALUMNO (RESPUESTA_ALUMNOID,RESPUESTA_ALUMNO,PREGUNTAS_PREGUNTAS_ID,PRU_IND_PRUEBA_INDIVIDUAL_ID,ALTERNATIVA_ID) values (206,0,19,12,56);
Insert into PRUEBASQL.RESPUESTAS_ALUMNO (RESPUESTA_ALUMNOID,RESPUESTA_ALUMNO,PREGUNTAS_PREGUNTAS_ID,PRU_IND_PRUEBA_INDIVIDUAL_ID,ALTERNATIVA_ID) values (207,0,19,12,57);
Insert into PRUEBASQL.RESPUESTAS_ALUMNO (RESPUESTA_ALUMNOID,RESPUESTA_ALUMNO,PREGUNTAS_PREGUNTAS_ID,PRU_IND_PRUEBA_INDIVIDUAL_ID,ALTERNATIVA_ID) values (208,1,20,12,58);
Insert into PRUEBASQL.RESPUESTAS_ALUMNO (RESPUESTA_ALUMNOID,RESPUESTA_ALUMNO,PREGUNTAS_PREGUNTAS_ID,PRU_IND_PRUEBA_INDIVIDUAL_ID,ALTERNATIVA_ID) values (209,1,20,12,59);
Insert into PRUEBASQL.RESPUESTAS_ALUMNO (RESPUESTA_ALUMNOID,RESPUESTA_ALUMNO,PREGUNTAS_PREGUNTAS_ID,PRU_IND_PRUEBA_INDIVIDUAL_ID,ALTERNATIVA_ID) values (210,1,20,12,60);
Insert into PRUEBASQL.RESPUESTAS_ALUMNO (RESPUESTA_ALUMNOID,RESPUESTA_ALUMNO,PREGUNTAS_PREGUNTAS_ID,PRU_IND_PRUEBA_INDIVIDUAL_ID,ALTERNATIVA_ID) values (211,1,11,13,31);
Insert into PRUEBASQL.RESPUESTAS_ALUMNO (RESPUESTA_ALUMNOID,RESPUESTA_ALUMNO,PREGUNTAS_PREGUNTAS_ID,PRU_IND_PRUEBA_INDIVIDUAL_ID,ALTERNATIVA_ID) values (212,0,11,13,32);
Insert into PRUEBASQL.RESPUESTAS_ALUMNO (RESPUESTA_ALUMNOID,RESPUESTA_ALUMNO,PREGUNTAS_PREGUNTAS_ID,PRU_IND_PRUEBA_INDIVIDUAL_ID,ALTERNATIVA_ID) values (213,0,11,13,33);
Insert into PRUEBASQL.RESPUESTAS_ALUMNO (RESPUESTA_ALUMNOID,RESPUESTA_ALUMNO,PREGUNTAS_PREGUNTAS_ID,PRU_IND_PRUEBA_INDIVIDUAL_ID,ALTERNATIVA_ID) values (214,1,12,13,34);
Insert into PRUEBASQL.RESPUESTAS_ALUMNO (RESPUESTA_ALUMNOID,RESPUESTA_ALUMNO,PREGUNTAS_PREGUNTAS_ID,PRU_IND_PRUEBA_INDIVIDUAL_ID,ALTERNATIVA_ID) values (215,0,12,13,35);
Insert into PRUEBASQL.RESPUESTAS_ALUMNO (RESPUESTA_ALUMNOID,RESPUESTA_ALUMNO,PREGUNTAS_PREGUNTAS_ID,PRU_IND_PRUEBA_INDIVIDUAL_ID,ALTERNATIVA_ID) values (216,0,12,13,36);
Insert into PRUEBASQL.RESPUESTAS_ALUMNO (RESPUESTA_ALUMNOID,RESPUESTA_ALUMNO,PREGUNTAS_PREGUNTAS_ID,PRU_IND_PRUEBA_INDIVIDUAL_ID,ALTERNATIVA_ID) values (217,0,13,13,37);
Insert into PRUEBASQL.RESPUESTAS_ALUMNO (RESPUESTA_ALUMNOID,RESPUESTA_ALUMNO,PREGUNTAS_PREGUNTAS_ID,PRU_IND_PRUEBA_INDIVIDUAL_ID,ALTERNATIVA_ID) values (218,1,13,13,38);
Insert into PRUEBASQL.RESPUESTAS_ALUMNO (RESPUESTA_ALUMNOID,RESPUESTA_ALUMNO,PREGUNTAS_PREGUNTAS_ID,PRU_IND_PRUEBA_INDIVIDUAL_ID,ALTERNATIVA_ID) values (219,1,13,13,39);
Insert into PRUEBASQL.RESPUESTAS_ALUMNO (RESPUESTA_ALUMNOID,RESPUESTA_ALUMNO,PREGUNTAS_PREGUNTAS_ID,PRU_IND_PRUEBA_INDIVIDUAL_ID,ALTERNATIVA_ID) values (220,1,14,13,40);
Insert into PRUEBASQL.RESPUESTAS_ALUMNO (RESPUESTA_ALUMNOID,RESPUESTA_ALUMNO,PREGUNTAS_PREGUNTAS_ID,PRU_IND_PRUEBA_INDIVIDUAL_ID,ALTERNATIVA_ID) values (221,0,14,13,41);
Insert into PRUEBASQL.RESPUESTAS_ALUMNO (RESPUESTA_ALUMNOID,RESPUESTA_ALUMNO,PREGUNTAS_PREGUNTAS_ID,PRU_IND_PRUEBA_INDIVIDUAL_ID,ALTERNATIVA_ID) values (222,0,14,13,42);
Insert into PRUEBASQL.RESPUESTAS_ALUMNO (RESPUESTA_ALUMNOID,RESPUESTA_ALUMNO,PREGUNTAS_PREGUNTAS_ID,PRU_IND_PRUEBA_INDIVIDUAL_ID,ALTERNATIVA_ID) values (223,1,15,13,43);
Insert into PRUEBASQL.RESPUESTAS_ALUMNO (RESPUESTA_ALUMNOID,RESPUESTA_ALUMNO,PREGUNTAS_PREGUNTAS_ID,PRU_IND_PRUEBA_INDIVIDUAL_ID,ALTERNATIVA_ID) values (224,1,15,13,44);
Insert into PRUEBASQL.RESPUESTAS_ALUMNO (RESPUESTA_ALUMNOID,RESPUESTA_ALUMNO,PREGUNTAS_PREGUNTAS_ID,PRU_IND_PRUEBA_INDIVIDUAL_ID,ALTERNATIVA_ID) values (225,0,15,13,45);
Insert into PRUEBASQL.RESPUESTAS_ALUMNO (RESPUESTA_ALUMNOID,RESPUESTA_ALUMNO,PREGUNTAS_PREGUNTAS_ID,PRU_IND_PRUEBA_INDIVIDUAL_ID,ALTERNATIVA_ID) values (226,0,16,13,46);
Insert into PRUEBASQL.RESPUESTAS_ALUMNO (RESPUESTA_ALUMNOID,RESPUESTA_ALUMNO,PREGUNTAS_PREGUNTAS_ID,PRU_IND_PRUEBA_INDIVIDUAL_ID,ALTERNATIVA_ID) values (227,0,16,13,47);
Insert into PRUEBASQL.RESPUESTAS_ALUMNO (RESPUESTA_ALUMNOID,RESPUESTA_ALUMNO,PREGUNTAS_PREGUNTAS_ID,PRU_IND_PRUEBA_INDIVIDUAL_ID,ALTERNATIVA_ID) values (228,1,16,13,48);
Insert into PRUEBASQL.RESPUESTAS_ALUMNO (RESPUESTA_ALUMNOID,RESPUESTA_ALUMNO,PREGUNTAS_PREGUNTAS_ID,PRU_IND_PRUEBA_INDIVIDUAL_ID,ALTERNATIVA_ID) values (229,0,17,13,49);
Insert into PRUEBASQL.RESPUESTAS_ALUMNO (RESPUESTA_ALUMNOID,RESPUESTA_ALUMNO,PREGUNTAS_PREGUNTAS_ID,PRU_IND_PRUEBA_INDIVIDUAL_ID,ALTERNATIVA_ID) values (230,0,17,13,50);
Insert into PRUEBASQL.RESPUESTAS_ALUMNO (RESPUESTA_ALUMNOID,RESPUESTA_ALUMNO,PREGUNTAS_PREGUNTAS_ID,PRU_IND_PRUEBA_INDIVIDUAL_ID,ALTERNATIVA_ID) values (231,1,17,13,51);
Insert into PRUEBASQL.RESPUESTAS_ALUMNO (RESPUESTA_ALUMNOID,RESPUESTA_ALUMNO,PREGUNTAS_PREGUNTAS_ID,PRU_IND_PRUEBA_INDIVIDUAL_ID,ALTERNATIVA_ID) values (232,1,18,13,52);
Insert into PRUEBASQL.RESPUESTAS_ALUMNO (RESPUESTA_ALUMNOID,RESPUESTA_ALUMNO,PREGUNTAS_PREGUNTAS_ID,PRU_IND_PRUEBA_INDIVIDUAL_ID,ALTERNATIVA_ID) values (233,0,18,13,53);
Insert into PRUEBASQL.RESPUESTAS_ALUMNO (RESPUESTA_ALUMNOID,RESPUESTA_ALUMNO,PREGUNTAS_PREGUNTAS_ID,PRU_IND_PRUEBA_INDIVIDUAL_ID,ALTERNATIVA_ID) values (234,1,18,13,54);
Insert into PRUEBASQL.RESPUESTAS_ALUMNO (RESPUESTA_ALUMNOID,RESPUESTA_ALUMNO,PREGUNTAS_PREGUNTAS_ID,PRU_IND_PRUEBA_INDIVIDUAL_ID,ALTERNATIVA_ID) values (235,0,19,13,55);
Insert into PRUEBASQL.RESPUESTAS_ALUMNO (RESPUESTA_ALUMNOID,RESPUESTA_ALUMNO,PREGUNTAS_PREGUNTAS_ID,PRU_IND_PRUEBA_INDIVIDUAL_ID,ALTERNATIVA_ID) values (236,0,19,13,56);
Insert into PRUEBASQL.RESPUESTAS_ALUMNO (RESPUESTA_ALUMNOID,RESPUESTA_ALUMNO,PREGUNTAS_PREGUNTAS_ID,PRU_IND_PRUEBA_INDIVIDUAL_ID,ALTERNATIVA_ID) values (237,0,19,13,57);
Insert into PRUEBASQL.RESPUESTAS_ALUMNO (RESPUESTA_ALUMNOID,RESPUESTA_ALUMNO,PREGUNTAS_PREGUNTAS_ID,PRU_IND_PRUEBA_INDIVIDUAL_ID,ALTERNATIVA_ID) values (238,1,20,13,58);
Insert into PRUEBASQL.RESPUESTAS_ALUMNO (RESPUESTA_ALUMNOID,RESPUESTA_ALUMNO,PREGUNTAS_PREGUNTAS_ID,PRU_IND_PRUEBA_INDIVIDUAL_ID,ALTERNATIVA_ID) values (239,1,20,13,59);
Insert into PRUEBASQL.RESPUESTAS_ALUMNO (RESPUESTA_ALUMNOID,RESPUESTA_ALUMNO,PREGUNTAS_PREGUNTAS_ID,PRU_IND_PRUEBA_INDIVIDUAL_ID,ALTERNATIVA_ID) values (240,1,20,13,60);
Insert into PRUEBASQL.RESPUESTAS_ALUMNO (RESPUESTA_ALUMNOID,RESPUESTA_ALUMNO,PREGUNTAS_PREGUNTAS_ID,PRU_IND_PRUEBA_INDIVIDUAL_ID,ALTERNATIVA_ID) values (241,1,11,14,31);
Insert into PRUEBASQL.RESPUESTAS_ALUMNO (RESPUESTA_ALUMNOID,RESPUESTA_ALUMNO,PREGUNTAS_PREGUNTAS_ID,PRU_IND_PRUEBA_INDIVIDUAL_ID,ALTERNATIVA_ID) values (242,0,11,14,32);
Insert into PRUEBASQL.RESPUESTAS_ALUMNO (RESPUESTA_ALUMNOID,RESPUESTA_ALUMNO,PREGUNTAS_PREGUNTAS_ID,PRU_IND_PRUEBA_INDIVIDUAL_ID,ALTERNATIVA_ID) values (243,0,11,14,33);
Insert into PRUEBASQL.RESPUESTAS_ALUMNO (RESPUESTA_ALUMNOID,RESPUESTA_ALUMNO,PREGUNTAS_PREGUNTAS_ID,PRU_IND_PRUEBA_INDIVIDUAL_ID,ALTERNATIVA_ID) values (244,1,12,14,34);
Insert into PRUEBASQL.RESPUESTAS_ALUMNO (RESPUESTA_ALUMNOID,RESPUESTA_ALUMNO,PREGUNTAS_PREGUNTAS_ID,PRU_IND_PRUEBA_INDIVIDUAL_ID,ALTERNATIVA_ID) values (245,0,12,14,35);
Insert into PRUEBASQL.RESPUESTAS_ALUMNO (RESPUESTA_ALUMNOID,RESPUESTA_ALUMNO,PREGUNTAS_PREGUNTAS_ID,PRU_IND_PRUEBA_INDIVIDUAL_ID,ALTERNATIVA_ID) values (246,0,12,14,36);
Insert into PRUEBASQL.RESPUESTAS_ALUMNO (RESPUESTA_ALUMNOID,RESPUESTA_ALUMNO,PREGUNTAS_PREGUNTAS_ID,PRU_IND_PRUEBA_INDIVIDUAL_ID,ALTERNATIVA_ID) values (247,0,13,14,37);
Insert into PRUEBASQL.RESPUESTAS_ALUMNO (RESPUESTA_ALUMNOID,RESPUESTA_ALUMNO,PREGUNTAS_PREGUNTAS_ID,PRU_IND_PRUEBA_INDIVIDUAL_ID,ALTERNATIVA_ID) values (248,1,13,14,38);
Insert into PRUEBASQL.RESPUESTAS_ALUMNO (RESPUESTA_ALUMNOID,RESPUESTA_ALUMNO,PREGUNTAS_PREGUNTAS_ID,PRU_IND_PRUEBA_INDIVIDUAL_ID,ALTERNATIVA_ID) values (249,1,13,14,39);
Insert into PRUEBASQL.RESPUESTAS_ALUMNO (RESPUESTA_ALUMNOID,RESPUESTA_ALUMNO,PREGUNTAS_PREGUNTAS_ID,PRU_IND_PRUEBA_INDIVIDUAL_ID,ALTERNATIVA_ID) values (250,1,14,14,40);
Insert into PRUEBASQL.RESPUESTAS_ALUMNO (RESPUESTA_ALUMNOID,RESPUESTA_ALUMNO,PREGUNTAS_PREGUNTAS_ID,PRU_IND_PRUEBA_INDIVIDUAL_ID,ALTERNATIVA_ID) values (251,0,14,14,41);
Insert into PRUEBASQL.RESPUESTAS_ALUMNO (RESPUESTA_ALUMNOID,RESPUESTA_ALUMNO,PREGUNTAS_PREGUNTAS_ID,PRU_IND_PRUEBA_INDIVIDUAL_ID,ALTERNATIVA_ID) values (252,0,14,14,42);
Insert into PRUEBASQL.RESPUESTAS_ALUMNO (RESPUESTA_ALUMNOID,RESPUESTA_ALUMNO,PREGUNTAS_PREGUNTAS_ID,PRU_IND_PRUEBA_INDIVIDUAL_ID,ALTERNATIVA_ID) values (253,1,15,14,43);
Insert into PRUEBASQL.RESPUESTAS_ALUMNO (RESPUESTA_ALUMNOID,RESPUESTA_ALUMNO,PREGUNTAS_PREGUNTAS_ID,PRU_IND_PRUEBA_INDIVIDUAL_ID,ALTERNATIVA_ID) values (254,1,15,14,44);
Insert into PRUEBASQL.RESPUESTAS_ALUMNO (RESPUESTA_ALUMNOID,RESPUESTA_ALUMNO,PREGUNTAS_PREGUNTAS_ID,PRU_IND_PRUEBA_INDIVIDUAL_ID,ALTERNATIVA_ID) values (255,0,15,14,45);
Insert into PRUEBASQL.RESPUESTAS_ALUMNO (RESPUESTA_ALUMNOID,RESPUESTA_ALUMNO,PREGUNTAS_PREGUNTAS_ID,PRU_IND_PRUEBA_INDIVIDUAL_ID,ALTERNATIVA_ID) values (256,0,16,14,46);
Insert into PRUEBASQL.RESPUESTAS_ALUMNO (RESPUESTA_ALUMNOID,RESPUESTA_ALUMNO,PREGUNTAS_PREGUNTAS_ID,PRU_IND_PRUEBA_INDIVIDUAL_ID,ALTERNATIVA_ID) values (257,0,16,14,47);
Insert into PRUEBASQL.RESPUESTAS_ALUMNO (RESPUESTA_ALUMNOID,RESPUESTA_ALUMNO,PREGUNTAS_PREGUNTAS_ID,PRU_IND_PRUEBA_INDIVIDUAL_ID,ALTERNATIVA_ID) values (258,1,16,14,48);
Insert into PRUEBASQL.RESPUESTAS_ALUMNO (RESPUESTA_ALUMNOID,RESPUESTA_ALUMNO,PREGUNTAS_PREGUNTAS_ID,PRU_IND_PRUEBA_INDIVIDUAL_ID,ALTERNATIVA_ID) values (259,0,17,14,49);
Insert into PRUEBASQL.RESPUESTAS_ALUMNO (RESPUESTA_ALUMNOID,RESPUESTA_ALUMNO,PREGUNTAS_PREGUNTAS_ID,PRU_IND_PRUEBA_INDIVIDUAL_ID,ALTERNATIVA_ID) values (260,0,17,14,50);
Insert into PRUEBASQL.RESPUESTAS_ALUMNO (RESPUESTA_ALUMNOID,RESPUESTA_ALUMNO,PREGUNTAS_PREGUNTAS_ID,PRU_IND_PRUEBA_INDIVIDUAL_ID,ALTERNATIVA_ID) values (261,1,17,14,51);
Insert into PRUEBASQL.RESPUESTAS_ALUMNO (RESPUESTA_ALUMNOID,RESPUESTA_ALUMNO,PREGUNTAS_PREGUNTAS_ID,PRU_IND_PRUEBA_INDIVIDUAL_ID,ALTERNATIVA_ID) values (262,1,18,14,52);
Insert into PRUEBASQL.RESPUESTAS_ALUMNO (RESPUESTA_ALUMNOID,RESPUESTA_ALUMNO,PREGUNTAS_PREGUNTAS_ID,PRU_IND_PRUEBA_INDIVIDUAL_ID,ALTERNATIVA_ID) values (263,0,18,14,53);
Insert into PRUEBASQL.RESPUESTAS_ALUMNO (RESPUESTA_ALUMNOID,RESPUESTA_ALUMNO,PREGUNTAS_PREGUNTAS_ID,PRU_IND_PRUEBA_INDIVIDUAL_ID,ALTERNATIVA_ID) values (264,1,18,14,54);
Insert into PRUEBASQL.RESPUESTAS_ALUMNO (RESPUESTA_ALUMNOID,RESPUESTA_ALUMNO,PREGUNTAS_PREGUNTAS_ID,PRU_IND_PRUEBA_INDIVIDUAL_ID,ALTERNATIVA_ID) values (265,0,19,14,55);
Insert into PRUEBASQL.RESPUESTAS_ALUMNO (RESPUESTA_ALUMNOID,RESPUESTA_ALUMNO,PREGUNTAS_PREGUNTAS_ID,PRU_IND_PRUEBA_INDIVIDUAL_ID,ALTERNATIVA_ID) values (266,0,19,14,56);
Insert into PRUEBASQL.RESPUESTAS_ALUMNO (RESPUESTA_ALUMNOID,RESPUESTA_ALUMNO,PREGUNTAS_PREGUNTAS_ID,PRU_IND_PRUEBA_INDIVIDUAL_ID,ALTERNATIVA_ID) values (267,0,19,14,57);
Insert into PRUEBASQL.RESPUESTAS_ALUMNO (RESPUESTA_ALUMNOID,RESPUESTA_ALUMNO,PREGUNTAS_PREGUNTAS_ID,PRU_IND_PRUEBA_INDIVIDUAL_ID,ALTERNATIVA_ID) values (268,1,20,14,58);
Insert into PRUEBASQL.RESPUESTAS_ALUMNO (RESPUESTA_ALUMNOID,RESPUESTA_ALUMNO,PREGUNTAS_PREGUNTAS_ID,PRU_IND_PRUEBA_INDIVIDUAL_ID,ALTERNATIVA_ID) values (269,1,20,14,59);
Insert into PRUEBASQL.RESPUESTAS_ALUMNO (RESPUESTA_ALUMNOID,RESPUESTA_ALUMNO,PREGUNTAS_PREGUNTAS_ID,PRU_IND_PRUEBA_INDIVIDUAL_ID,ALTERNATIVA_ID) values (270,1,20,14,60);
Insert into PRUEBASQL.RESPUESTAS_ALUMNO (RESPUESTA_ALUMNOID,RESPUESTA_ALUMNO,PREGUNTAS_PREGUNTAS_ID,PRU_IND_PRUEBA_INDIVIDUAL_ID,ALTERNATIVA_ID) values (271,1,11,15,31);
Insert into PRUEBASQL.RESPUESTAS_ALUMNO (RESPUESTA_ALUMNOID,RESPUESTA_ALUMNO,PREGUNTAS_PREGUNTAS_ID,PRU_IND_PRUEBA_INDIVIDUAL_ID,ALTERNATIVA_ID) values (272,0,11,15,32);
Insert into PRUEBASQL.RESPUESTAS_ALUMNO (RESPUESTA_ALUMNOID,RESPUESTA_ALUMNO,PREGUNTAS_PREGUNTAS_ID,PRU_IND_PRUEBA_INDIVIDUAL_ID,ALTERNATIVA_ID) values (273,0,11,15,33);
Insert into PRUEBASQL.RESPUESTAS_ALUMNO (RESPUESTA_ALUMNOID,RESPUESTA_ALUMNO,PREGUNTAS_PREGUNTAS_ID,PRU_IND_PRUEBA_INDIVIDUAL_ID,ALTERNATIVA_ID) values (274,1,12,15,34);
Insert into PRUEBASQL.RESPUESTAS_ALUMNO (RESPUESTA_ALUMNOID,RESPUESTA_ALUMNO,PREGUNTAS_PREGUNTAS_ID,PRU_IND_PRUEBA_INDIVIDUAL_ID,ALTERNATIVA_ID) values (275,0,12,15,35);
Insert into PRUEBASQL.RESPUESTAS_ALUMNO (RESPUESTA_ALUMNOID,RESPUESTA_ALUMNO,PREGUNTAS_PREGUNTAS_ID,PRU_IND_PRUEBA_INDIVIDUAL_ID,ALTERNATIVA_ID) values (276,0,12,15,36);
Insert into PRUEBASQL.RESPUESTAS_ALUMNO (RESPUESTA_ALUMNOID,RESPUESTA_ALUMNO,PREGUNTAS_PREGUNTAS_ID,PRU_IND_PRUEBA_INDIVIDUAL_ID,ALTERNATIVA_ID) values (277,0,13,15,37);
Insert into PRUEBASQL.RESPUESTAS_ALUMNO (RESPUESTA_ALUMNOID,RESPUESTA_ALUMNO,PREGUNTAS_PREGUNTAS_ID,PRU_IND_PRUEBA_INDIVIDUAL_ID,ALTERNATIVA_ID) values (278,1,13,15,38);
Insert into PRUEBASQL.RESPUESTAS_ALUMNO (RESPUESTA_ALUMNOID,RESPUESTA_ALUMNO,PREGUNTAS_PREGUNTAS_ID,PRU_IND_PRUEBA_INDIVIDUAL_ID,ALTERNATIVA_ID) values (279,1,13,15,39);
Insert into PRUEBASQL.RESPUESTAS_ALUMNO (RESPUESTA_ALUMNOID,RESPUESTA_ALUMNO,PREGUNTAS_PREGUNTAS_ID,PRU_IND_PRUEBA_INDIVIDUAL_ID,ALTERNATIVA_ID) values (280,1,14,15,40);
Insert into PRUEBASQL.RESPUESTAS_ALUMNO (RESPUESTA_ALUMNOID,RESPUESTA_ALUMNO,PREGUNTAS_PREGUNTAS_ID,PRU_IND_PRUEBA_INDIVIDUAL_ID,ALTERNATIVA_ID) values (281,0,14,15,41);
Insert into PRUEBASQL.RESPUESTAS_ALUMNO (RESPUESTA_ALUMNOID,RESPUESTA_ALUMNO,PREGUNTAS_PREGUNTAS_ID,PRU_IND_PRUEBA_INDIVIDUAL_ID,ALTERNATIVA_ID) values (282,0,14,15,42);
Insert into PRUEBASQL.RESPUESTAS_ALUMNO (RESPUESTA_ALUMNOID,RESPUESTA_ALUMNO,PREGUNTAS_PREGUNTAS_ID,PRU_IND_PRUEBA_INDIVIDUAL_ID,ALTERNATIVA_ID) values (283,1,15,15,43);
Insert into PRUEBASQL.RESPUESTAS_ALUMNO (RESPUESTA_ALUMNOID,RESPUESTA_ALUMNO,PREGUNTAS_PREGUNTAS_ID,PRU_IND_PRUEBA_INDIVIDUAL_ID,ALTERNATIVA_ID) values (284,1,15,15,44);
Insert into PRUEBASQL.RESPUESTAS_ALUMNO (RESPUESTA_ALUMNOID,RESPUESTA_ALUMNO,PREGUNTAS_PREGUNTAS_ID,PRU_IND_PRUEBA_INDIVIDUAL_ID,ALTERNATIVA_ID) values (285,0,15,15,45);
Insert into PRUEBASQL.RESPUESTAS_ALUMNO (RESPUESTA_ALUMNOID,RESPUESTA_ALUMNO,PREGUNTAS_PREGUNTAS_ID,PRU_IND_PRUEBA_INDIVIDUAL_ID,ALTERNATIVA_ID) values (286,0,16,15,46);
Insert into PRUEBASQL.RESPUESTAS_ALUMNO (RESPUESTA_ALUMNOID,RESPUESTA_ALUMNO,PREGUNTAS_PREGUNTAS_ID,PRU_IND_PRUEBA_INDIVIDUAL_ID,ALTERNATIVA_ID) values (287,0,16,15,47);
Insert into PRUEBASQL.RESPUESTAS_ALUMNO (RESPUESTA_ALUMNOID,RESPUESTA_ALUMNO,PREGUNTAS_PREGUNTAS_ID,PRU_IND_PRUEBA_INDIVIDUAL_ID,ALTERNATIVA_ID) values (288,1,16,15,48);
Insert into PRUEBASQL.RESPUESTAS_ALUMNO (RESPUESTA_ALUMNOID,RESPUESTA_ALUMNO,PREGUNTAS_PREGUNTAS_ID,PRU_IND_PRUEBA_INDIVIDUAL_ID,ALTERNATIVA_ID) values (289,0,17,15,49);
Insert into PRUEBASQL.RESPUESTAS_ALUMNO (RESPUESTA_ALUMNOID,RESPUESTA_ALUMNO,PREGUNTAS_PREGUNTAS_ID,PRU_IND_PRUEBA_INDIVIDUAL_ID,ALTERNATIVA_ID) values (290,0,17,15,50);
Insert into PRUEBASQL.RESPUESTAS_ALUMNO (RESPUESTA_ALUMNOID,RESPUESTA_ALUMNO,PREGUNTAS_PREGUNTAS_ID,PRU_IND_PRUEBA_INDIVIDUAL_ID,ALTERNATIVA_ID) values (291,1,17,15,51);
Insert into PRUEBASQL.RESPUESTAS_ALUMNO (RESPUESTA_ALUMNOID,RESPUESTA_ALUMNO,PREGUNTAS_PREGUNTAS_ID,PRU_IND_PRUEBA_INDIVIDUAL_ID,ALTERNATIVA_ID) values (292,1,18,15,52);
Insert into PRUEBASQL.RESPUESTAS_ALUMNO (RESPUESTA_ALUMNOID,RESPUESTA_ALUMNO,PREGUNTAS_PREGUNTAS_ID,PRU_IND_PRUEBA_INDIVIDUAL_ID,ALTERNATIVA_ID) values (293,0,18,15,53);
Insert into PRUEBASQL.RESPUESTAS_ALUMNO (RESPUESTA_ALUMNOID,RESPUESTA_ALUMNO,PREGUNTAS_PREGUNTAS_ID,PRU_IND_PRUEBA_INDIVIDUAL_ID,ALTERNATIVA_ID) values (294,1,18,15,54);
Insert into PRUEBASQL.RESPUESTAS_ALUMNO (RESPUESTA_ALUMNOID,RESPUESTA_ALUMNO,PREGUNTAS_PREGUNTAS_ID,PRU_IND_PRUEBA_INDIVIDUAL_ID,ALTERNATIVA_ID) values (295,0,19,15,55);
Insert into PRUEBASQL.RESPUESTAS_ALUMNO (RESPUESTA_ALUMNOID,RESPUESTA_ALUMNO,PREGUNTAS_PREGUNTAS_ID,PRU_IND_PRUEBA_INDIVIDUAL_ID,ALTERNATIVA_ID) values (296,0,19,15,56);
Insert into PRUEBASQL.RESPUESTAS_ALUMNO (RESPUESTA_ALUMNOID,RESPUESTA_ALUMNO,PREGUNTAS_PREGUNTAS_ID,PRU_IND_PRUEBA_INDIVIDUAL_ID,ALTERNATIVA_ID) values (297,0,19,15,57);
Insert into PRUEBASQL.RESPUESTAS_ALUMNO (RESPUESTA_ALUMNOID,RESPUESTA_ALUMNO,PREGUNTAS_PREGUNTAS_ID,PRU_IND_PRUEBA_INDIVIDUAL_ID,ALTERNATIVA_ID) values (298,1,20,15,58);
Insert into PRUEBASQL.RESPUESTAS_ALUMNO (RESPUESTA_ALUMNOID,RESPUESTA_ALUMNO,PREGUNTAS_PREGUNTAS_ID,PRU_IND_PRUEBA_INDIVIDUAL_ID,ALTERNATIVA_ID) values (299,1,20,15,59);
Insert into PRUEBASQL.RESPUESTAS_ALUMNO (RESPUESTA_ALUMNOID,RESPUESTA_ALUMNO,PREGUNTAS_PREGUNTAS_ID,PRU_IND_PRUEBA_INDIVIDUAL_ID,ALTERNATIVA_ID) values (300,1,20,15,60);
Insert into PRUEBASQL.RESPUESTAS_ALUMNO (RESPUESTA_ALUMNOID,RESPUESTA_ALUMNO,PREGUNTAS_PREGUNTAS_ID,PRU_IND_PRUEBA_INDIVIDUAL_ID,ALTERNATIVA_ID) values (21,0,8,1,21);
Insert into PRUEBASQL.RESPUESTAS_ALUMNO (RESPUESTA_ALUMNOID,RESPUESTA_ALUMNO,PREGUNTAS_PREGUNTAS_ID,PRU_IND_PRUEBA_INDIVIDUAL_ID,ALTERNATIVA_ID) values (22,1,7,1,22);
Insert into PRUEBASQL.RESPUESTAS_ALUMNO (RESPUESTA_ALUMNOID,RESPUESTA_ALUMNO,PREGUNTAS_PREGUNTAS_ID,PRU_IND_PRUEBA_INDIVIDUAL_ID,ALTERNATIVA_ID) values (23,0,7,1,23);
Insert into PRUEBASQL.RESPUESTAS_ALUMNO (RESPUESTA_ALUMNOID,RESPUESTA_ALUMNO,PREGUNTAS_PREGUNTAS_ID,PRU_IND_PRUEBA_INDIVIDUAL_ID,ALTERNATIVA_ID) values (24,0,7,1,24);
Insert into PRUEBASQL.RESPUESTAS_ALUMNO (RESPUESTA_ALUMNOID,RESPUESTA_ALUMNO,PREGUNTAS_PREGUNTAS_ID,PRU_IND_PRUEBA_INDIVIDUAL_ID,ALTERNATIVA_ID) values (25,1,9,1,25);
Insert into PRUEBASQL.RESPUESTAS_ALUMNO (RESPUESTA_ALUMNOID,RESPUESTA_ALUMNO,PREGUNTAS_PREGUNTAS_ID,PRU_IND_PRUEBA_INDIVIDUAL_ID,ALTERNATIVA_ID) values (26,1,9,1,26);
Insert into PRUEBASQL.RESPUESTAS_ALUMNO (RESPUESTA_ALUMNOID,RESPUESTA_ALUMNO,PREGUNTAS_PREGUNTAS_ID,PRU_IND_PRUEBA_INDIVIDUAL_ID,ALTERNATIVA_ID) values (27,0,9,1,27);
Insert into PRUEBASQL.RESPUESTAS_ALUMNO (RESPUESTA_ALUMNOID,RESPUESTA_ALUMNO,PREGUNTAS_PREGUNTAS_ID,PRU_IND_PRUEBA_INDIVIDUAL_ID,ALTERNATIVA_ID) values (28,0,10,1,28);
Insert into PRUEBASQL.RESPUESTAS_ALUMNO (RESPUESTA_ALUMNOID,RESPUESTA_ALUMNO,PREGUNTAS_PREGUNTAS_ID,PRU_IND_PRUEBA_INDIVIDUAL_ID,ALTERNATIVA_ID) values (29,0,10,1,29);
Insert into PRUEBASQL.RESPUESTAS_ALUMNO (RESPUESTA_ALUMNOID,RESPUESTA_ALUMNO,PREGUNTAS_PREGUNTAS_ID,PRU_IND_PRUEBA_INDIVIDUAL_ID,ALTERNATIVA_ID) values (30,1,10,1,30);
Insert into PRUEBASQL.RESPUESTAS_ALUMNO (RESPUESTA_ALUMNOID,RESPUESTA_ALUMNO,PREGUNTAS_PREGUNTAS_ID,PRU_IND_PRUEBA_INDIVIDUAL_ID,ALTERNATIVA_ID) values (31,1,11,11,31);
Insert into PRUEBASQL.RESPUESTAS_ALUMNO (RESPUESTA_ALUMNOID,RESPUESTA_ALUMNO,PREGUNTAS_PREGUNTAS_ID,PRU_IND_PRUEBA_INDIVIDUAL_ID,ALTERNATIVA_ID) values (32,0,11,11,32);
Insert into PRUEBASQL.RESPUESTAS_ALUMNO (RESPUESTA_ALUMNOID,RESPUESTA_ALUMNO,PREGUNTAS_PREGUNTAS_ID,PRU_IND_PRUEBA_INDIVIDUAL_ID,ALTERNATIVA_ID) values (33,0,11,11,33);
Insert into PRUEBASQL.RESPUESTAS_ALUMNO (RESPUESTA_ALUMNOID,RESPUESTA_ALUMNO,PREGUNTAS_PREGUNTAS_ID,PRU_IND_PRUEBA_INDIVIDUAL_ID,ALTERNATIVA_ID) values (34,1,12,11,34);
Insert into PRUEBASQL.RESPUESTAS_ALUMNO (RESPUESTA_ALUMNOID,RESPUESTA_ALUMNO,PREGUNTAS_PREGUNTAS_ID,PRU_IND_PRUEBA_INDIVIDUAL_ID,ALTERNATIVA_ID) values (35,0,12,11,35);
Insert into PRUEBASQL.RESPUESTAS_ALUMNO (RESPUESTA_ALUMNOID,RESPUESTA_ALUMNO,PREGUNTAS_PREGUNTAS_ID,PRU_IND_PRUEBA_INDIVIDUAL_ID,ALTERNATIVA_ID) values (36,0,12,11,36);
Insert into PRUEBASQL.RESPUESTAS_ALUMNO (RESPUESTA_ALUMNOID,RESPUESTA_ALUMNO,PREGUNTAS_PREGUNTAS_ID,PRU_IND_PRUEBA_INDIVIDUAL_ID,ALTERNATIVA_ID) values (37,0,13,11,37);
Insert into PRUEBASQL.RESPUESTAS_ALUMNO (RESPUESTA_ALUMNOID,RESPUESTA_ALUMNO,PREGUNTAS_PREGUNTAS_ID,PRU_IND_PRUEBA_INDIVIDUAL_ID,ALTERNATIVA_ID) values (38,1,13,11,38);
Insert into PRUEBASQL.RESPUESTAS_ALUMNO (RESPUESTA_ALUMNOID,RESPUESTA_ALUMNO,PREGUNTAS_PREGUNTAS_ID,PRU_IND_PRUEBA_INDIVIDUAL_ID,ALTERNATIVA_ID) values (39,1,13,11,39);
Insert into PRUEBASQL.RESPUESTAS_ALUMNO (RESPUESTA_ALUMNOID,RESPUESTA_ALUMNO,PREGUNTAS_PREGUNTAS_ID,PRU_IND_PRUEBA_INDIVIDUAL_ID,ALTERNATIVA_ID) values (40,1,14,11,40);
Insert into PRUEBASQL.RESPUESTAS_ALUMNO (RESPUESTA_ALUMNOID,RESPUESTA_ALUMNO,PREGUNTAS_PREGUNTAS_ID,PRU_IND_PRUEBA_INDIVIDUAL_ID,ALTERNATIVA_ID) values (41,0,14,11,41);
Insert into PRUEBASQL.RESPUESTAS_ALUMNO (RESPUESTA_ALUMNOID,RESPUESTA_ALUMNO,PREGUNTAS_PREGUNTAS_ID,PRU_IND_PRUEBA_INDIVIDUAL_ID,ALTERNATIVA_ID) values (42,0,14,11,42);
Insert into PRUEBASQL.RESPUESTAS_ALUMNO (RESPUESTA_ALUMNOID,RESPUESTA_ALUMNO,PREGUNTAS_PREGUNTAS_ID,PRU_IND_PRUEBA_INDIVIDUAL_ID,ALTERNATIVA_ID) values (43,0,15,11,43);
Insert into PRUEBASQL.RESPUESTAS_ALUMNO (RESPUESTA_ALUMNOID,RESPUESTA_ALUMNO,PREGUNTAS_PREGUNTAS_ID,PRU_IND_PRUEBA_INDIVIDUAL_ID,ALTERNATIVA_ID) values (44,0,15,11,44);
Insert into PRUEBASQL.RESPUESTAS_ALUMNO (RESPUESTA_ALUMNOID,RESPUESTA_ALUMNO,PREGUNTAS_PREGUNTAS_ID,PRU_IND_PRUEBA_INDIVIDUAL_ID,ALTERNATIVA_ID) values (45,1,15,11,45);
Insert into PRUEBASQL.RESPUESTAS_ALUMNO (RESPUESTA_ALUMNOID,RESPUESTA_ALUMNO,PREGUNTAS_PREGUNTAS_ID,PRU_IND_PRUEBA_INDIVIDUAL_ID,ALTERNATIVA_ID) values (46,0,16,11,46);
Insert into PRUEBASQL.RESPUESTAS_ALUMNO (RESPUESTA_ALUMNOID,RESPUESTA_ALUMNO,PREGUNTAS_PREGUNTAS_ID,PRU_IND_PRUEBA_INDIVIDUAL_ID,ALTERNATIVA_ID) values (47,1,16,11,47);
Insert into PRUEBASQL.RESPUESTAS_ALUMNO (RESPUESTA_ALUMNOID,RESPUESTA_ALUMNO,PREGUNTAS_PREGUNTAS_ID,PRU_IND_PRUEBA_INDIVIDUAL_ID,ALTERNATIVA_ID) values (48,0,16,11,48);
Insert into PRUEBASQL.RESPUESTAS_ALUMNO (RESPUESTA_ALUMNOID,RESPUESTA_ALUMNO,PREGUNTAS_PREGUNTAS_ID,PRU_IND_PRUEBA_INDIVIDUAL_ID,ALTERNATIVA_ID) values (49,0,17,11,49);
Insert into PRUEBASQL.RESPUESTAS_ALUMNO (RESPUESTA_ALUMNOID,RESPUESTA_ALUMNO,PREGUNTAS_PREGUNTAS_ID,PRU_IND_PRUEBA_INDIVIDUAL_ID,ALTERNATIVA_ID) values (50,0,17,11,50);
Insert into PRUEBASQL.RESPUESTAS_ALUMNO (RESPUESTA_ALUMNOID,RESPUESTA_ALUMNO,PREGUNTAS_PREGUNTAS_ID,PRU_IND_PRUEBA_INDIVIDUAL_ID,ALTERNATIVA_ID) values (51,1,17,11,51);
Insert into PRUEBASQL.RESPUESTAS_ALUMNO (RESPUESTA_ALUMNOID,RESPUESTA_ALUMNO,PREGUNTAS_PREGUNTAS_ID,PRU_IND_PRUEBA_INDIVIDUAL_ID,ALTERNATIVA_ID) values (52,1,18,11,52);
Insert into PRUEBASQL.RESPUESTAS_ALUMNO (RESPUESTA_ALUMNOID,RESPUESTA_ALUMNO,PREGUNTAS_PREGUNTAS_ID,PRU_IND_PRUEBA_INDIVIDUAL_ID,ALTERNATIVA_ID) values (53,0,18,11,53);
Insert into PRUEBASQL.RESPUESTAS_ALUMNO (RESPUESTA_ALUMNOID,RESPUESTA_ALUMNO,PREGUNTAS_PREGUNTAS_ID,PRU_IND_PRUEBA_INDIVIDUAL_ID,ALTERNATIVA_ID) values (54,1,18,11,54);
Insert into PRUEBASQL.RESPUESTAS_ALUMNO (RESPUESTA_ALUMNOID,RESPUESTA_ALUMNO,PREGUNTAS_PREGUNTAS_ID,PRU_IND_PRUEBA_INDIVIDUAL_ID,ALTERNATIVA_ID) values (55,1,19,11,55);
Insert into PRUEBASQL.RESPUESTAS_ALUMNO (RESPUESTA_ALUMNOID,RESPUESTA_ALUMNO,PREGUNTAS_PREGUNTAS_ID,PRU_IND_PRUEBA_INDIVIDUAL_ID,ALTERNATIVA_ID) values (56,1,19,11,56);
Insert into PRUEBASQL.RESPUESTAS_ALUMNO (RESPUESTA_ALUMNOID,RESPUESTA_ALUMNO,PREGUNTAS_PREGUNTAS_ID,PRU_IND_PRUEBA_INDIVIDUAL_ID,ALTERNATIVA_ID) values (57,1,19,11,57);
Insert into PRUEBASQL.RESPUESTAS_ALUMNO (RESPUESTA_ALUMNOID,RESPUESTA_ALUMNO,PREGUNTAS_PREGUNTAS_ID,PRU_IND_PRUEBA_INDIVIDUAL_ID,ALTERNATIVA_ID) values (58,0,20,11,58);
Insert into PRUEBASQL.RESPUESTAS_ALUMNO (RESPUESTA_ALUMNOID,RESPUESTA_ALUMNO,PREGUNTAS_PREGUNTAS_ID,PRU_IND_PRUEBA_INDIVIDUAL_ID,ALTERNATIVA_ID) values (59,0,20,11,59);
Insert into PRUEBASQL.RESPUESTAS_ALUMNO (RESPUESTA_ALUMNOID,RESPUESTA_ALUMNO,PREGUNTAS_PREGUNTAS_ID,PRU_IND_PRUEBA_INDIVIDUAL_ID,ALTERNATIVA_ID) values (60,0,20,11,60);
Insert into PRUEBASQL.RESPUESTAS_ALUMNO (RESPUESTA_ALUMNOID,RESPUESTA_ALUMNO,PREGUNTAS_PREGUNTAS_ID,PRU_IND_PRUEBA_INDIVIDUAL_ID,ALTERNATIVA_ID) values (301,1,11,16,31);
Insert into PRUEBASQL.RESPUESTAS_ALUMNO (RESPUESTA_ALUMNOID,RESPUESTA_ALUMNO,PREGUNTAS_PREGUNTAS_ID,PRU_IND_PRUEBA_INDIVIDUAL_ID,ALTERNATIVA_ID) values (302,0,11,16,32);
Insert into PRUEBASQL.RESPUESTAS_ALUMNO (RESPUESTA_ALUMNOID,RESPUESTA_ALUMNO,PREGUNTAS_PREGUNTAS_ID,PRU_IND_PRUEBA_INDIVIDUAL_ID,ALTERNATIVA_ID) values (303,0,11,16,33);
Insert into PRUEBASQL.RESPUESTAS_ALUMNO (RESPUESTA_ALUMNOID,RESPUESTA_ALUMNO,PREGUNTAS_PREGUNTAS_ID,PRU_IND_PRUEBA_INDIVIDUAL_ID,ALTERNATIVA_ID) values (304,1,12,16,34);
Insert into PRUEBASQL.RESPUESTAS_ALUMNO (RESPUESTA_ALUMNOID,RESPUESTA_ALUMNO,PREGUNTAS_PREGUNTAS_ID,PRU_IND_PRUEBA_INDIVIDUAL_ID,ALTERNATIVA_ID) values (305,0,12,16,35);
Insert into PRUEBASQL.RESPUESTAS_ALUMNO (RESPUESTA_ALUMNOID,RESPUESTA_ALUMNO,PREGUNTAS_PREGUNTAS_ID,PRU_IND_PRUEBA_INDIVIDUAL_ID,ALTERNATIVA_ID) values (306,0,12,16,36);
Insert into PRUEBASQL.RESPUESTAS_ALUMNO (RESPUESTA_ALUMNOID,RESPUESTA_ALUMNO,PREGUNTAS_PREGUNTAS_ID,PRU_IND_PRUEBA_INDIVIDUAL_ID,ALTERNATIVA_ID) values (307,0,13,16,37);
Insert into PRUEBASQL.RESPUESTAS_ALUMNO (RESPUESTA_ALUMNOID,RESPUESTA_ALUMNO,PREGUNTAS_PREGUNTAS_ID,PRU_IND_PRUEBA_INDIVIDUAL_ID,ALTERNATIVA_ID) values (308,1,13,16,38);
Insert into PRUEBASQL.RESPUESTAS_ALUMNO (RESPUESTA_ALUMNOID,RESPUESTA_ALUMNO,PREGUNTAS_PREGUNTAS_ID,PRU_IND_PRUEBA_INDIVIDUAL_ID,ALTERNATIVA_ID) values (309,1,13,16,39);
Insert into PRUEBASQL.RESPUESTAS_ALUMNO (RESPUESTA_ALUMNOID,RESPUESTA_ALUMNO,PREGUNTAS_PREGUNTAS_ID,PRU_IND_PRUEBA_INDIVIDUAL_ID,ALTERNATIVA_ID) values (310,1,14,16,40);
Insert into PRUEBASQL.RESPUESTAS_ALUMNO (RESPUESTA_ALUMNOID,RESPUESTA_ALUMNO,PREGUNTAS_PREGUNTAS_ID,PRU_IND_PRUEBA_INDIVIDUAL_ID,ALTERNATIVA_ID) values (311,0,14,16,41);
Insert into PRUEBASQL.RESPUESTAS_ALUMNO (RESPUESTA_ALUMNOID,RESPUESTA_ALUMNO,PREGUNTAS_PREGUNTAS_ID,PRU_IND_PRUEBA_INDIVIDUAL_ID,ALTERNATIVA_ID) values (312,0,14,16,42);
Insert into PRUEBASQL.RESPUESTAS_ALUMNO (RESPUESTA_ALUMNOID,RESPUESTA_ALUMNO,PREGUNTAS_PREGUNTAS_ID,PRU_IND_PRUEBA_INDIVIDUAL_ID,ALTERNATIVA_ID) values (313,1,15,16,43);
Insert into PRUEBASQL.RESPUESTAS_ALUMNO (RESPUESTA_ALUMNOID,RESPUESTA_ALUMNO,PREGUNTAS_PREGUNTAS_ID,PRU_IND_PRUEBA_INDIVIDUAL_ID,ALTERNATIVA_ID) values (314,1,15,16,44);
Insert into PRUEBASQL.RESPUESTAS_ALUMNO (RESPUESTA_ALUMNOID,RESPUESTA_ALUMNO,PREGUNTAS_PREGUNTAS_ID,PRU_IND_PRUEBA_INDIVIDUAL_ID,ALTERNATIVA_ID) values (315,0,15,16,45);
Insert into PRUEBASQL.RESPUESTAS_ALUMNO (RESPUESTA_ALUMNOID,RESPUESTA_ALUMNO,PREGUNTAS_PREGUNTAS_ID,PRU_IND_PRUEBA_INDIVIDUAL_ID,ALTERNATIVA_ID) values (316,0,16,16,46);
Insert into PRUEBASQL.RESPUESTAS_ALUMNO (RESPUESTA_ALUMNOID,RESPUESTA_ALUMNO,PREGUNTAS_PREGUNTAS_ID,PRU_IND_PRUEBA_INDIVIDUAL_ID,ALTERNATIVA_ID) values (317,0,16,16,47);
Insert into PRUEBASQL.RESPUESTAS_ALUMNO (RESPUESTA_ALUMNOID,RESPUESTA_ALUMNO,PREGUNTAS_PREGUNTAS_ID,PRU_IND_PRUEBA_INDIVIDUAL_ID,ALTERNATIVA_ID) values (318,1,16,16,48);
Insert into PRUEBASQL.RESPUESTAS_ALUMNO (RESPUESTA_ALUMNOID,RESPUESTA_ALUMNO,PREGUNTAS_PREGUNTAS_ID,PRU_IND_PRUEBA_INDIVIDUAL_ID,ALTERNATIVA_ID) values (319,0,17,16,49);
Insert into PRUEBASQL.RESPUESTAS_ALUMNO (RESPUESTA_ALUMNOID,RESPUESTA_ALUMNO,PREGUNTAS_PREGUNTAS_ID,PRU_IND_PRUEBA_INDIVIDUAL_ID,ALTERNATIVA_ID) values (320,0,17,16,50);
Insert into PRUEBASQL.RESPUESTAS_ALUMNO (RESPUESTA_ALUMNOID,RESPUESTA_ALUMNO,PREGUNTAS_PREGUNTAS_ID,PRU_IND_PRUEBA_INDIVIDUAL_ID,ALTERNATIVA_ID) values (321,1,17,16,51);
Insert into PRUEBASQL.RESPUESTAS_ALUMNO (RESPUESTA_ALUMNOID,RESPUESTA_ALUMNO,PREGUNTAS_PREGUNTAS_ID,PRU_IND_PRUEBA_INDIVIDUAL_ID,ALTERNATIVA_ID) values (322,1,18,16,52);
Insert into PRUEBASQL.RESPUESTAS_ALUMNO (RESPUESTA_ALUMNOID,RESPUESTA_ALUMNO,PREGUNTAS_PREGUNTAS_ID,PRU_IND_PRUEBA_INDIVIDUAL_ID,ALTERNATIVA_ID) values (323,0,18,16,53);
Insert into PRUEBASQL.RESPUESTAS_ALUMNO (RESPUESTA_ALUMNOID,RESPUESTA_ALUMNO,PREGUNTAS_PREGUNTAS_ID,PRU_IND_PRUEBA_INDIVIDUAL_ID,ALTERNATIVA_ID) values (324,1,18,16,54);
Insert into PRUEBASQL.RESPUESTAS_ALUMNO (RESPUESTA_ALUMNOID,RESPUESTA_ALUMNO,PREGUNTAS_PREGUNTAS_ID,PRU_IND_PRUEBA_INDIVIDUAL_ID,ALTERNATIVA_ID) values (325,0,19,16,55);
Insert into PRUEBASQL.RESPUESTAS_ALUMNO (RESPUESTA_ALUMNOID,RESPUESTA_ALUMNO,PREGUNTAS_PREGUNTAS_ID,PRU_IND_PRUEBA_INDIVIDUAL_ID,ALTERNATIVA_ID) values (326,0,19,16,56);
Insert into PRUEBASQL.RESPUESTAS_ALUMNO (RESPUESTA_ALUMNOID,RESPUESTA_ALUMNO,PREGUNTAS_PREGUNTAS_ID,PRU_IND_PRUEBA_INDIVIDUAL_ID,ALTERNATIVA_ID) values (327,0,19,16,57);
Insert into PRUEBASQL.RESPUESTAS_ALUMNO (RESPUESTA_ALUMNOID,RESPUESTA_ALUMNO,PREGUNTAS_PREGUNTAS_ID,PRU_IND_PRUEBA_INDIVIDUAL_ID,ALTERNATIVA_ID) values (328,1,20,16,58);
Insert into PRUEBASQL.RESPUESTAS_ALUMNO (RESPUESTA_ALUMNOID,RESPUESTA_ALUMNO,PREGUNTAS_PREGUNTAS_ID,PRU_IND_PRUEBA_INDIVIDUAL_ID,ALTERNATIVA_ID) values (329,1,20,16,59);
Insert into PRUEBASQL.RESPUESTAS_ALUMNO (RESPUESTA_ALUMNOID,RESPUESTA_ALUMNO,PREGUNTAS_PREGUNTAS_ID,PRU_IND_PRUEBA_INDIVIDUAL_ID,ALTERNATIVA_ID) values (330,1,20,16,60);
Insert into PRUEBASQL.RESPUESTAS_ALUMNO (RESPUESTA_ALUMNOID,RESPUESTA_ALUMNO,PREGUNTAS_PREGUNTAS_ID,PRU_IND_PRUEBA_INDIVIDUAL_ID,ALTERNATIVA_ID) values (331,1,11,17,31);
Insert into PRUEBASQL.RESPUESTAS_ALUMNO (RESPUESTA_ALUMNOID,RESPUESTA_ALUMNO,PREGUNTAS_PREGUNTAS_ID,PRU_IND_PRUEBA_INDIVIDUAL_ID,ALTERNATIVA_ID) values (332,0,11,17,32);
Insert into PRUEBASQL.RESPUESTAS_ALUMNO (RESPUESTA_ALUMNOID,RESPUESTA_ALUMNO,PREGUNTAS_PREGUNTAS_ID,PRU_IND_PRUEBA_INDIVIDUAL_ID,ALTERNATIVA_ID) values (333,0,11,17,33);
Insert into PRUEBASQL.RESPUESTAS_ALUMNO (RESPUESTA_ALUMNOID,RESPUESTA_ALUMNO,PREGUNTAS_PREGUNTAS_ID,PRU_IND_PRUEBA_INDIVIDUAL_ID,ALTERNATIVA_ID) values (334,1,12,17,34);
Insert into PRUEBASQL.RESPUESTAS_ALUMNO (RESPUESTA_ALUMNOID,RESPUESTA_ALUMNO,PREGUNTAS_PREGUNTAS_ID,PRU_IND_PRUEBA_INDIVIDUAL_ID,ALTERNATIVA_ID) values (335,0,12,17,35);
Insert into PRUEBASQL.RESPUESTAS_ALUMNO (RESPUESTA_ALUMNOID,RESPUESTA_ALUMNO,PREGUNTAS_PREGUNTAS_ID,PRU_IND_PRUEBA_INDIVIDUAL_ID,ALTERNATIVA_ID) values (336,0,12,17,36);
Insert into PRUEBASQL.RESPUESTAS_ALUMNO (RESPUESTA_ALUMNOID,RESPUESTA_ALUMNO,PREGUNTAS_PREGUNTAS_ID,PRU_IND_PRUEBA_INDIVIDUAL_ID,ALTERNATIVA_ID) values (337,0,13,17,37);
Insert into PRUEBASQL.RESPUESTAS_ALUMNO (RESPUESTA_ALUMNOID,RESPUESTA_ALUMNO,PREGUNTAS_PREGUNTAS_ID,PRU_IND_PRUEBA_INDIVIDUAL_ID,ALTERNATIVA_ID) values (338,1,13,17,38);
Insert into PRUEBASQL.RESPUESTAS_ALUMNO (RESPUESTA_ALUMNOID,RESPUESTA_ALUMNO,PREGUNTAS_PREGUNTAS_ID,PRU_IND_PRUEBA_INDIVIDUAL_ID,ALTERNATIVA_ID) values (339,1,13,17,39);
Insert into PRUEBASQL.RESPUESTAS_ALUMNO (RESPUESTA_ALUMNOID,RESPUESTA_ALUMNO,PREGUNTAS_PREGUNTAS_ID,PRU_IND_PRUEBA_INDIVIDUAL_ID,ALTERNATIVA_ID) values (340,1,14,17,40);
Insert into PRUEBASQL.RESPUESTAS_ALUMNO (RESPUESTA_ALUMNOID,RESPUESTA_ALUMNO,PREGUNTAS_PREGUNTAS_ID,PRU_IND_PRUEBA_INDIVIDUAL_ID,ALTERNATIVA_ID) values (341,0,14,17,41);
Insert into PRUEBASQL.RESPUESTAS_ALUMNO (RESPUESTA_ALUMNOID,RESPUESTA_ALUMNO,PREGUNTAS_PREGUNTAS_ID,PRU_IND_PRUEBA_INDIVIDUAL_ID,ALTERNATIVA_ID) values (342,0,14,17,42);
Insert into PRUEBASQL.RESPUESTAS_ALUMNO (RESPUESTA_ALUMNOID,RESPUESTA_ALUMNO,PREGUNTAS_PREGUNTAS_ID,PRU_IND_PRUEBA_INDIVIDUAL_ID,ALTERNATIVA_ID) values (343,1,15,17,43);
Insert into PRUEBASQL.RESPUESTAS_ALUMNO (RESPUESTA_ALUMNOID,RESPUESTA_ALUMNO,PREGUNTAS_PREGUNTAS_ID,PRU_IND_PRUEBA_INDIVIDUAL_ID,ALTERNATIVA_ID) values (344,1,15,17,44);
Insert into PRUEBASQL.RESPUESTAS_ALUMNO (RESPUESTA_ALUMNOID,RESPUESTA_ALUMNO,PREGUNTAS_PREGUNTAS_ID,PRU_IND_PRUEBA_INDIVIDUAL_ID,ALTERNATIVA_ID) values (345,0,15,17,45);
Insert into PRUEBASQL.RESPUESTAS_ALUMNO (RESPUESTA_ALUMNOID,RESPUESTA_ALUMNO,PREGUNTAS_PREGUNTAS_ID,PRU_IND_PRUEBA_INDIVIDUAL_ID,ALTERNATIVA_ID) values (346,0,16,17,46);
Insert into PRUEBASQL.RESPUESTAS_ALUMNO (RESPUESTA_ALUMNOID,RESPUESTA_ALUMNO,PREGUNTAS_PREGUNTAS_ID,PRU_IND_PRUEBA_INDIVIDUAL_ID,ALTERNATIVA_ID) values (347,0,16,17,47);
Insert into PRUEBASQL.RESPUESTAS_ALUMNO (RESPUESTA_ALUMNOID,RESPUESTA_ALUMNO,PREGUNTAS_PREGUNTAS_ID,PRU_IND_PRUEBA_INDIVIDUAL_ID,ALTERNATIVA_ID) values (348,1,16,17,48);
Insert into PRUEBASQL.RESPUESTAS_ALUMNO (RESPUESTA_ALUMNOID,RESPUESTA_ALUMNO,PREGUNTAS_PREGUNTAS_ID,PRU_IND_PRUEBA_INDIVIDUAL_ID,ALTERNATIVA_ID) values (349,0,17,17,49);
Insert into PRUEBASQL.RESPUESTAS_ALUMNO (RESPUESTA_ALUMNOID,RESPUESTA_ALUMNO,PREGUNTAS_PREGUNTAS_ID,PRU_IND_PRUEBA_INDIVIDUAL_ID,ALTERNATIVA_ID) values (350,0,17,17,50);
Insert into PRUEBASQL.RESPUESTAS_ALUMNO (RESPUESTA_ALUMNOID,RESPUESTA_ALUMNO,PREGUNTAS_PREGUNTAS_ID,PRU_IND_PRUEBA_INDIVIDUAL_ID,ALTERNATIVA_ID) values (351,1,17,17,51);
Insert into PRUEBASQL.RESPUESTAS_ALUMNO (RESPUESTA_ALUMNOID,RESPUESTA_ALUMNO,PREGUNTAS_PREGUNTAS_ID,PRU_IND_PRUEBA_INDIVIDUAL_ID,ALTERNATIVA_ID) values (352,1,18,17,52);
Insert into PRUEBASQL.RESPUESTAS_ALUMNO (RESPUESTA_ALUMNOID,RESPUESTA_ALUMNO,PREGUNTAS_PREGUNTAS_ID,PRU_IND_PRUEBA_INDIVIDUAL_ID,ALTERNATIVA_ID) values (353,0,18,17,53);
Insert into PRUEBASQL.RESPUESTAS_ALUMNO (RESPUESTA_ALUMNOID,RESPUESTA_ALUMNO,PREGUNTAS_PREGUNTAS_ID,PRU_IND_PRUEBA_INDIVIDUAL_ID,ALTERNATIVA_ID) values (354,1,18,17,54);
Insert into PRUEBASQL.RESPUESTAS_ALUMNO (RESPUESTA_ALUMNOID,RESPUESTA_ALUMNO,PREGUNTAS_PREGUNTAS_ID,PRU_IND_PRUEBA_INDIVIDUAL_ID,ALTERNATIVA_ID) values (355,0,19,17,55);
Insert into PRUEBASQL.RESPUESTAS_ALUMNO (RESPUESTA_ALUMNOID,RESPUESTA_ALUMNO,PREGUNTAS_PREGUNTAS_ID,PRU_IND_PRUEBA_INDIVIDUAL_ID,ALTERNATIVA_ID) values (356,0,19,17,56);
Insert into PRUEBASQL.RESPUESTAS_ALUMNO (RESPUESTA_ALUMNOID,RESPUESTA_ALUMNO,PREGUNTAS_PREGUNTAS_ID,PRU_IND_PRUEBA_INDIVIDUAL_ID,ALTERNATIVA_ID) values (357,0,19,17,57);
Insert into PRUEBASQL.RESPUESTAS_ALUMNO (RESPUESTA_ALUMNOID,RESPUESTA_ALUMNO,PREGUNTAS_PREGUNTAS_ID,PRU_IND_PRUEBA_INDIVIDUAL_ID,ALTERNATIVA_ID) values (358,1,20,17,58);
Insert into PRUEBASQL.RESPUESTAS_ALUMNO (RESPUESTA_ALUMNOID,RESPUESTA_ALUMNO,PREGUNTAS_PREGUNTAS_ID,PRU_IND_PRUEBA_INDIVIDUAL_ID,ALTERNATIVA_ID) values (359,1,20,17,59);
Insert into PRUEBASQL.RESPUESTAS_ALUMNO (RESPUESTA_ALUMNOID,RESPUESTA_ALUMNO,PREGUNTAS_PREGUNTAS_ID,PRU_IND_PRUEBA_INDIVIDUAL_ID,ALTERNATIVA_ID) values (360,1,20,17,60);
Insert into PRUEBASQL.RESPUESTAS_ALUMNO (RESPUESTA_ALUMNOID,RESPUESTA_ALUMNO,PREGUNTAS_PREGUNTAS_ID,PRU_IND_PRUEBA_INDIVIDUAL_ID,ALTERNATIVA_ID) values (361,1,11,18,31);
Insert into PRUEBASQL.RESPUESTAS_ALUMNO (RESPUESTA_ALUMNOID,RESPUESTA_ALUMNO,PREGUNTAS_PREGUNTAS_ID,PRU_IND_PRUEBA_INDIVIDUAL_ID,ALTERNATIVA_ID) values (362,0,11,18,32);
Insert into PRUEBASQL.RESPUESTAS_ALUMNO (RESPUESTA_ALUMNOID,RESPUESTA_ALUMNO,PREGUNTAS_PREGUNTAS_ID,PRU_IND_PRUEBA_INDIVIDUAL_ID,ALTERNATIVA_ID) values (363,0,11,18,33);
Insert into PRUEBASQL.RESPUESTAS_ALUMNO (RESPUESTA_ALUMNOID,RESPUESTA_ALUMNO,PREGUNTAS_PREGUNTAS_ID,PRU_IND_PRUEBA_INDIVIDUAL_ID,ALTERNATIVA_ID) values (364,1,12,18,34);
Insert into PRUEBASQL.RESPUESTAS_ALUMNO (RESPUESTA_ALUMNOID,RESPUESTA_ALUMNO,PREGUNTAS_PREGUNTAS_ID,PRU_IND_PRUEBA_INDIVIDUAL_ID,ALTERNATIVA_ID) values (365,0,12,18,35);
Insert into PRUEBASQL.RESPUESTAS_ALUMNO (RESPUESTA_ALUMNOID,RESPUESTA_ALUMNO,PREGUNTAS_PREGUNTAS_ID,PRU_IND_PRUEBA_INDIVIDUAL_ID,ALTERNATIVA_ID) values (366,0,12,18,36);
Insert into PRUEBASQL.RESPUESTAS_ALUMNO (RESPUESTA_ALUMNOID,RESPUESTA_ALUMNO,PREGUNTAS_PREGUNTAS_ID,PRU_IND_PRUEBA_INDIVIDUAL_ID,ALTERNATIVA_ID) values (367,0,13,18,37);
Insert into PRUEBASQL.RESPUESTAS_ALUMNO (RESPUESTA_ALUMNOID,RESPUESTA_ALUMNO,PREGUNTAS_PREGUNTAS_ID,PRU_IND_PRUEBA_INDIVIDUAL_ID,ALTERNATIVA_ID) values (368,1,13,18,38);
Insert into PRUEBASQL.RESPUESTAS_ALUMNO (RESPUESTA_ALUMNOID,RESPUESTA_ALUMNO,PREGUNTAS_PREGUNTAS_ID,PRU_IND_PRUEBA_INDIVIDUAL_ID,ALTERNATIVA_ID) values (369,1,13,18,39);
Insert into PRUEBASQL.RESPUESTAS_ALUMNO (RESPUESTA_ALUMNOID,RESPUESTA_ALUMNO,PREGUNTAS_PREGUNTAS_ID,PRU_IND_PRUEBA_INDIVIDUAL_ID,ALTERNATIVA_ID) values (370,1,14,18,40);
Insert into PRUEBASQL.RESPUESTAS_ALUMNO (RESPUESTA_ALUMNOID,RESPUESTA_ALUMNO,PREGUNTAS_PREGUNTAS_ID,PRU_IND_PRUEBA_INDIVIDUAL_ID,ALTERNATIVA_ID) values (371,0,14,18,41);
Insert into PRUEBASQL.RESPUESTAS_ALUMNO (RESPUESTA_ALUMNOID,RESPUESTA_ALUMNO,PREGUNTAS_PREGUNTAS_ID,PRU_IND_PRUEBA_INDIVIDUAL_ID,ALTERNATIVA_ID) values (372,0,14,18,42);
Insert into PRUEBASQL.RESPUESTAS_ALUMNO (RESPUESTA_ALUMNOID,RESPUESTA_ALUMNO,PREGUNTAS_PREGUNTAS_ID,PRU_IND_PRUEBA_INDIVIDUAL_ID,ALTERNATIVA_ID) values (373,1,15,18,43);
Insert into PRUEBASQL.RESPUESTAS_ALUMNO (RESPUESTA_ALUMNOID,RESPUESTA_ALUMNO,PREGUNTAS_PREGUNTAS_ID,PRU_IND_PRUEBA_INDIVIDUAL_ID,ALTERNATIVA_ID) values (374,1,15,18,44);
Insert into PRUEBASQL.RESPUESTAS_ALUMNO (RESPUESTA_ALUMNOID,RESPUESTA_ALUMNO,PREGUNTAS_PREGUNTAS_ID,PRU_IND_PRUEBA_INDIVIDUAL_ID,ALTERNATIVA_ID) values (375,0,15,18,45);
Insert into PRUEBASQL.RESPUESTAS_ALUMNO (RESPUESTA_ALUMNOID,RESPUESTA_ALUMNO,PREGUNTAS_PREGUNTAS_ID,PRU_IND_PRUEBA_INDIVIDUAL_ID,ALTERNATIVA_ID) values (376,0,16,18,46);
Insert into PRUEBASQL.RESPUESTAS_ALUMNO (RESPUESTA_ALUMNOID,RESPUESTA_ALUMNO,PREGUNTAS_PREGUNTAS_ID,PRU_IND_PRUEBA_INDIVIDUAL_ID,ALTERNATIVA_ID) values (377,0,16,18,47);
Insert into PRUEBASQL.RESPUESTAS_ALUMNO (RESPUESTA_ALUMNOID,RESPUESTA_ALUMNO,PREGUNTAS_PREGUNTAS_ID,PRU_IND_PRUEBA_INDIVIDUAL_ID,ALTERNATIVA_ID) values (378,1,16,18,48);
Insert into PRUEBASQL.RESPUESTAS_ALUMNO (RESPUESTA_ALUMNOID,RESPUESTA_ALUMNO,PREGUNTAS_PREGUNTAS_ID,PRU_IND_PRUEBA_INDIVIDUAL_ID,ALTERNATIVA_ID) values (379,0,17,18,49);
Insert into PRUEBASQL.RESPUESTAS_ALUMNO (RESPUESTA_ALUMNOID,RESPUESTA_ALUMNO,PREGUNTAS_PREGUNTAS_ID,PRU_IND_PRUEBA_INDIVIDUAL_ID,ALTERNATIVA_ID) values (380,0,17,18,50);
Insert into PRUEBASQL.RESPUESTAS_ALUMNO (RESPUESTA_ALUMNOID,RESPUESTA_ALUMNO,PREGUNTAS_PREGUNTAS_ID,PRU_IND_PRUEBA_INDIVIDUAL_ID,ALTERNATIVA_ID) values (381,1,17,18,51);
Insert into PRUEBASQL.RESPUESTAS_ALUMNO (RESPUESTA_ALUMNOID,RESPUESTA_ALUMNO,PREGUNTAS_PREGUNTAS_ID,PRU_IND_PRUEBA_INDIVIDUAL_ID,ALTERNATIVA_ID) values (382,1,18,18,52);
Insert into PRUEBASQL.RESPUESTAS_ALUMNO (RESPUESTA_ALUMNOID,RESPUESTA_ALUMNO,PREGUNTAS_PREGUNTAS_ID,PRU_IND_PRUEBA_INDIVIDUAL_ID,ALTERNATIVA_ID) values (383,0,18,18,53);
Insert into PRUEBASQL.RESPUESTAS_ALUMNO (RESPUESTA_ALUMNOID,RESPUESTA_ALUMNO,PREGUNTAS_PREGUNTAS_ID,PRU_IND_PRUEBA_INDIVIDUAL_ID,ALTERNATIVA_ID) values (384,1,18,18,54);
Insert into PRUEBASQL.RESPUESTAS_ALUMNO (RESPUESTA_ALUMNOID,RESPUESTA_ALUMNO,PREGUNTAS_PREGUNTAS_ID,PRU_IND_PRUEBA_INDIVIDUAL_ID,ALTERNATIVA_ID) values (385,0,19,18,55);
Insert into PRUEBASQL.RESPUESTAS_ALUMNO (RESPUESTA_ALUMNOID,RESPUESTA_ALUMNO,PREGUNTAS_PREGUNTAS_ID,PRU_IND_PRUEBA_INDIVIDUAL_ID,ALTERNATIVA_ID) values (386,0,19,18,56);
Insert into PRUEBASQL.RESPUESTAS_ALUMNO (RESPUESTA_ALUMNOID,RESPUESTA_ALUMNO,PREGUNTAS_PREGUNTAS_ID,PRU_IND_PRUEBA_INDIVIDUAL_ID,ALTERNATIVA_ID) values (387,0,19,18,57);
Insert into PRUEBASQL.RESPUESTAS_ALUMNO (RESPUESTA_ALUMNOID,RESPUESTA_ALUMNO,PREGUNTAS_PREGUNTAS_ID,PRU_IND_PRUEBA_INDIVIDUAL_ID,ALTERNATIVA_ID) values (388,1,20,18,58);
Insert into PRUEBASQL.RESPUESTAS_ALUMNO (RESPUESTA_ALUMNOID,RESPUESTA_ALUMNO,PREGUNTAS_PREGUNTAS_ID,PRU_IND_PRUEBA_INDIVIDUAL_ID,ALTERNATIVA_ID) values (389,1,20,18,59);
Insert into PRUEBASQL.RESPUESTAS_ALUMNO (RESPUESTA_ALUMNOID,RESPUESTA_ALUMNO,PREGUNTAS_PREGUNTAS_ID,PRU_IND_PRUEBA_INDIVIDUAL_ID,ALTERNATIVA_ID) values (390,1,20,18,60);
Insert into PRUEBASQL.RESPUESTAS_ALUMNO (RESPUESTA_ALUMNOID,RESPUESTA_ALUMNO,PREGUNTAS_PREGUNTAS_ID,PRU_IND_PRUEBA_INDIVIDUAL_ID,ALTERNATIVA_ID) values (391,1,11,19,31);
Insert into PRUEBASQL.RESPUESTAS_ALUMNO (RESPUESTA_ALUMNOID,RESPUESTA_ALUMNO,PREGUNTAS_PREGUNTAS_ID,PRU_IND_PRUEBA_INDIVIDUAL_ID,ALTERNATIVA_ID) values (392,0,11,19,32);
Insert into PRUEBASQL.RESPUESTAS_ALUMNO (RESPUESTA_ALUMNOID,RESPUESTA_ALUMNO,PREGUNTAS_PREGUNTAS_ID,PRU_IND_PRUEBA_INDIVIDUAL_ID,ALTERNATIVA_ID) values (393,0,11,19,33);
Insert into PRUEBASQL.RESPUESTAS_ALUMNO (RESPUESTA_ALUMNOID,RESPUESTA_ALUMNO,PREGUNTAS_PREGUNTAS_ID,PRU_IND_PRUEBA_INDIVIDUAL_ID,ALTERNATIVA_ID) values (394,1,12,19,34);
Insert into PRUEBASQL.RESPUESTAS_ALUMNO (RESPUESTA_ALUMNOID,RESPUESTA_ALUMNO,PREGUNTAS_PREGUNTAS_ID,PRU_IND_PRUEBA_INDIVIDUAL_ID,ALTERNATIVA_ID) values (395,0,12,19,35);
Insert into PRUEBASQL.RESPUESTAS_ALUMNO (RESPUESTA_ALUMNOID,RESPUESTA_ALUMNO,PREGUNTAS_PREGUNTAS_ID,PRU_IND_PRUEBA_INDIVIDUAL_ID,ALTERNATIVA_ID) values (396,0,12,19,36);
Insert into PRUEBASQL.RESPUESTAS_ALUMNO (RESPUESTA_ALUMNOID,RESPUESTA_ALUMNO,PREGUNTAS_PREGUNTAS_ID,PRU_IND_PRUEBA_INDIVIDUAL_ID,ALTERNATIVA_ID) values (397,0,13,19,37);
Insert into PRUEBASQL.RESPUESTAS_ALUMNO (RESPUESTA_ALUMNOID,RESPUESTA_ALUMNO,PREGUNTAS_PREGUNTAS_ID,PRU_IND_PRUEBA_INDIVIDUAL_ID,ALTERNATIVA_ID) values (398,1,13,19,38);
Insert into PRUEBASQL.RESPUESTAS_ALUMNO (RESPUESTA_ALUMNOID,RESPUESTA_ALUMNO,PREGUNTAS_PREGUNTAS_ID,PRU_IND_PRUEBA_INDIVIDUAL_ID,ALTERNATIVA_ID) values (399,1,13,19,39);
Insert into PRUEBASQL.RESPUESTAS_ALUMNO (RESPUESTA_ALUMNOID,RESPUESTA_ALUMNO,PREGUNTAS_PREGUNTAS_ID,PRU_IND_PRUEBA_INDIVIDUAL_ID,ALTERNATIVA_ID) values (400,1,14,19,40);
Insert into PRUEBASQL.RESPUESTAS_ALUMNO (RESPUESTA_ALUMNOID,RESPUESTA_ALUMNO,PREGUNTAS_PREGUNTAS_ID,PRU_IND_PRUEBA_INDIVIDUAL_ID,ALTERNATIVA_ID) values (401,0,14,19,41);
Insert into PRUEBASQL.RESPUESTAS_ALUMNO (RESPUESTA_ALUMNOID,RESPUESTA_ALUMNO,PREGUNTAS_PREGUNTAS_ID,PRU_IND_PRUEBA_INDIVIDUAL_ID,ALTERNATIVA_ID) values (402,0,14,19,42);
Insert into PRUEBASQL.RESPUESTAS_ALUMNO (RESPUESTA_ALUMNOID,RESPUESTA_ALUMNO,PREGUNTAS_PREGUNTAS_ID,PRU_IND_PRUEBA_INDIVIDUAL_ID,ALTERNATIVA_ID) values (403,1,15,19,43);
Insert into PRUEBASQL.RESPUESTAS_ALUMNO (RESPUESTA_ALUMNOID,RESPUESTA_ALUMNO,PREGUNTAS_PREGUNTAS_ID,PRU_IND_PRUEBA_INDIVIDUAL_ID,ALTERNATIVA_ID) values (404,1,15,19,44);
Insert into PRUEBASQL.RESPUESTAS_ALUMNO (RESPUESTA_ALUMNOID,RESPUESTA_ALUMNO,PREGUNTAS_PREGUNTAS_ID,PRU_IND_PRUEBA_INDIVIDUAL_ID,ALTERNATIVA_ID) values (405,0,15,19,45);
Insert into PRUEBASQL.RESPUESTAS_ALUMNO (RESPUESTA_ALUMNOID,RESPUESTA_ALUMNO,PREGUNTAS_PREGUNTAS_ID,PRU_IND_PRUEBA_INDIVIDUAL_ID,ALTERNATIVA_ID) values (406,0,16,19,46);
Insert into PRUEBASQL.RESPUESTAS_ALUMNO (RESPUESTA_ALUMNOID,RESPUESTA_ALUMNO,PREGUNTAS_PREGUNTAS_ID,PRU_IND_PRUEBA_INDIVIDUAL_ID,ALTERNATIVA_ID) values (407,0,16,19,47);
Insert into PRUEBASQL.RESPUESTAS_ALUMNO (RESPUESTA_ALUMNOID,RESPUESTA_ALUMNO,PREGUNTAS_PREGUNTAS_ID,PRU_IND_PRUEBA_INDIVIDUAL_ID,ALTERNATIVA_ID) values (408,1,16,19,48);
Insert into PRUEBASQL.RESPUESTAS_ALUMNO (RESPUESTA_ALUMNOID,RESPUESTA_ALUMNO,PREGUNTAS_PREGUNTAS_ID,PRU_IND_PRUEBA_INDIVIDUAL_ID,ALTERNATIVA_ID) values (409,0,17,19,49);
Insert into PRUEBASQL.RESPUESTAS_ALUMNO (RESPUESTA_ALUMNOID,RESPUESTA_ALUMNO,PREGUNTAS_PREGUNTAS_ID,PRU_IND_PRUEBA_INDIVIDUAL_ID,ALTERNATIVA_ID) values (410,0,17,19,50);
Insert into PRUEBASQL.RESPUESTAS_ALUMNO (RESPUESTA_ALUMNOID,RESPUESTA_ALUMNO,PREGUNTAS_PREGUNTAS_ID,PRU_IND_PRUEBA_INDIVIDUAL_ID,ALTERNATIVA_ID) values (411,1,17,19,51);
Insert into PRUEBASQL.RESPUESTAS_ALUMNO (RESPUESTA_ALUMNOID,RESPUESTA_ALUMNO,PREGUNTAS_PREGUNTAS_ID,PRU_IND_PRUEBA_INDIVIDUAL_ID,ALTERNATIVA_ID) values (412,1,18,19,52);
Insert into PRUEBASQL.RESPUESTAS_ALUMNO (RESPUESTA_ALUMNOID,RESPUESTA_ALUMNO,PREGUNTAS_PREGUNTAS_ID,PRU_IND_PRUEBA_INDIVIDUAL_ID,ALTERNATIVA_ID) values (413,0,18,19,53);
Insert into PRUEBASQL.RESPUESTAS_ALUMNO (RESPUESTA_ALUMNOID,RESPUESTA_ALUMNO,PREGUNTAS_PREGUNTAS_ID,PRU_IND_PRUEBA_INDIVIDUAL_ID,ALTERNATIVA_ID) values (414,1,18,19,54);
Insert into PRUEBASQL.RESPUESTAS_ALUMNO (RESPUESTA_ALUMNOID,RESPUESTA_ALUMNO,PREGUNTAS_PREGUNTAS_ID,PRU_IND_PRUEBA_INDIVIDUAL_ID,ALTERNATIVA_ID) values (415,0,19,19,55);
Insert into PRUEBASQL.RESPUESTAS_ALUMNO (RESPUESTA_ALUMNOID,RESPUESTA_ALUMNO,PREGUNTAS_PREGUNTAS_ID,PRU_IND_PRUEBA_INDIVIDUAL_ID,ALTERNATIVA_ID) values (416,0,19,19,56);
Insert into PRUEBASQL.RESPUESTAS_ALUMNO (RESPUESTA_ALUMNOID,RESPUESTA_ALUMNO,PREGUNTAS_PREGUNTAS_ID,PRU_IND_PRUEBA_INDIVIDUAL_ID,ALTERNATIVA_ID) values (417,0,19,19,57);
Insert into PRUEBASQL.RESPUESTAS_ALUMNO (RESPUESTA_ALUMNOID,RESPUESTA_ALUMNO,PREGUNTAS_PREGUNTAS_ID,PRU_IND_PRUEBA_INDIVIDUAL_ID,ALTERNATIVA_ID) values (418,1,20,19,58);
Insert into PRUEBASQL.RESPUESTAS_ALUMNO (RESPUESTA_ALUMNOID,RESPUESTA_ALUMNO,PREGUNTAS_PREGUNTAS_ID,PRU_IND_PRUEBA_INDIVIDUAL_ID,ALTERNATIVA_ID) values (419,1,20,19,59);
Insert into PRUEBASQL.RESPUESTAS_ALUMNO (RESPUESTA_ALUMNOID,RESPUESTA_ALUMNO,PREGUNTAS_PREGUNTAS_ID,PRU_IND_PRUEBA_INDIVIDUAL_ID,ALTERNATIVA_ID) values (420,1,20,19,60);
Insert into PRUEBASQL.RESPUESTAS_ALUMNO (RESPUESTA_ALUMNOID,RESPUESTA_ALUMNO,PREGUNTAS_PREGUNTAS_ID,PRU_IND_PRUEBA_INDIVIDUAL_ID,ALTERNATIVA_ID) values (421,1,11,20,31);
Insert into PRUEBASQL.RESPUESTAS_ALUMNO (RESPUESTA_ALUMNOID,RESPUESTA_ALUMNO,PREGUNTAS_PREGUNTAS_ID,PRU_IND_PRUEBA_INDIVIDUAL_ID,ALTERNATIVA_ID) values (422,0,11,20,32);
Insert into PRUEBASQL.RESPUESTAS_ALUMNO (RESPUESTA_ALUMNOID,RESPUESTA_ALUMNO,PREGUNTAS_PREGUNTAS_ID,PRU_IND_PRUEBA_INDIVIDUAL_ID,ALTERNATIVA_ID) values (423,0,11,20,33);
Insert into PRUEBASQL.RESPUESTAS_ALUMNO (RESPUESTA_ALUMNOID,RESPUESTA_ALUMNO,PREGUNTAS_PREGUNTAS_ID,PRU_IND_PRUEBA_INDIVIDUAL_ID,ALTERNATIVA_ID) values (424,1,12,20,34);
Insert into PRUEBASQL.RESPUESTAS_ALUMNO (RESPUESTA_ALUMNOID,RESPUESTA_ALUMNO,PREGUNTAS_PREGUNTAS_ID,PRU_IND_PRUEBA_INDIVIDUAL_ID,ALTERNATIVA_ID) values (425,0,12,20,35);
Insert into PRUEBASQL.RESPUESTAS_ALUMNO (RESPUESTA_ALUMNOID,RESPUESTA_ALUMNO,PREGUNTAS_PREGUNTAS_ID,PRU_IND_PRUEBA_INDIVIDUAL_ID,ALTERNATIVA_ID) values (426,0,12,20,36);
Insert into PRUEBASQL.RESPUESTAS_ALUMNO (RESPUESTA_ALUMNOID,RESPUESTA_ALUMNO,PREGUNTAS_PREGUNTAS_ID,PRU_IND_PRUEBA_INDIVIDUAL_ID,ALTERNATIVA_ID) values (427,0,13,20,37);
Insert into PRUEBASQL.RESPUESTAS_ALUMNO (RESPUESTA_ALUMNOID,RESPUESTA_ALUMNO,PREGUNTAS_PREGUNTAS_ID,PRU_IND_PRUEBA_INDIVIDUAL_ID,ALTERNATIVA_ID) values (428,1,13,20,38);
Insert into PRUEBASQL.RESPUESTAS_ALUMNO (RESPUESTA_ALUMNOID,RESPUESTA_ALUMNO,PREGUNTAS_PREGUNTAS_ID,PRU_IND_PRUEBA_INDIVIDUAL_ID,ALTERNATIVA_ID) values (429,1,13,20,39);
Insert into PRUEBASQL.RESPUESTAS_ALUMNO (RESPUESTA_ALUMNOID,RESPUESTA_ALUMNO,PREGUNTAS_PREGUNTAS_ID,PRU_IND_PRUEBA_INDIVIDUAL_ID,ALTERNATIVA_ID) values (430,1,14,20,40);
Insert into PRUEBASQL.RESPUESTAS_ALUMNO (RESPUESTA_ALUMNOID,RESPUESTA_ALUMNO,PREGUNTAS_PREGUNTAS_ID,PRU_IND_PRUEBA_INDIVIDUAL_ID,ALTERNATIVA_ID) values (431,0,14,20,41);
Insert into PRUEBASQL.RESPUESTAS_ALUMNO (RESPUESTA_ALUMNOID,RESPUESTA_ALUMNO,PREGUNTAS_PREGUNTAS_ID,PRU_IND_PRUEBA_INDIVIDUAL_ID,ALTERNATIVA_ID) values (432,0,14,20,42);
Insert into PRUEBASQL.RESPUESTAS_ALUMNO (RESPUESTA_ALUMNOID,RESPUESTA_ALUMNO,PREGUNTAS_PREGUNTAS_ID,PRU_IND_PRUEBA_INDIVIDUAL_ID,ALTERNATIVA_ID) values (433,1,15,20,43);
Insert into PRUEBASQL.RESPUESTAS_ALUMNO (RESPUESTA_ALUMNOID,RESPUESTA_ALUMNO,PREGUNTAS_PREGUNTAS_ID,PRU_IND_PRUEBA_INDIVIDUAL_ID,ALTERNATIVA_ID) values (434,1,15,20,44);
Insert into PRUEBASQL.RESPUESTAS_ALUMNO (RESPUESTA_ALUMNOID,RESPUESTA_ALUMNO,PREGUNTAS_PREGUNTAS_ID,PRU_IND_PRUEBA_INDIVIDUAL_ID,ALTERNATIVA_ID) values (435,0,15,20,45);
Insert into PRUEBASQL.RESPUESTAS_ALUMNO (RESPUESTA_ALUMNOID,RESPUESTA_ALUMNO,PREGUNTAS_PREGUNTAS_ID,PRU_IND_PRUEBA_INDIVIDUAL_ID,ALTERNATIVA_ID) values (436,0,16,20,46);
Insert into PRUEBASQL.RESPUESTAS_ALUMNO (RESPUESTA_ALUMNOID,RESPUESTA_ALUMNO,PREGUNTAS_PREGUNTAS_ID,PRU_IND_PRUEBA_INDIVIDUAL_ID,ALTERNATIVA_ID) values (437,0,16,20,47);
Insert into PRUEBASQL.RESPUESTAS_ALUMNO (RESPUESTA_ALUMNOID,RESPUESTA_ALUMNO,PREGUNTAS_PREGUNTAS_ID,PRU_IND_PRUEBA_INDIVIDUAL_ID,ALTERNATIVA_ID) values (438,1,16,20,48);
Insert into PRUEBASQL.RESPUESTAS_ALUMNO (RESPUESTA_ALUMNOID,RESPUESTA_ALUMNO,PREGUNTAS_PREGUNTAS_ID,PRU_IND_PRUEBA_INDIVIDUAL_ID,ALTERNATIVA_ID) values (439,0,17,20,49);
Insert into PRUEBASQL.RESPUESTAS_ALUMNO (RESPUESTA_ALUMNOID,RESPUESTA_ALUMNO,PREGUNTAS_PREGUNTAS_ID,PRU_IND_PRUEBA_INDIVIDUAL_ID,ALTERNATIVA_ID) values (440,0,17,20,50);
Insert into PRUEBASQL.RESPUESTAS_ALUMNO (RESPUESTA_ALUMNOID,RESPUESTA_ALUMNO,PREGUNTAS_PREGUNTAS_ID,PRU_IND_PRUEBA_INDIVIDUAL_ID,ALTERNATIVA_ID) values (441,1,17,20,51);
Insert into PRUEBASQL.RESPUESTAS_ALUMNO (RESPUESTA_ALUMNOID,RESPUESTA_ALUMNO,PREGUNTAS_PREGUNTAS_ID,PRU_IND_PRUEBA_INDIVIDUAL_ID,ALTERNATIVA_ID) values (442,1,18,20,52);
Insert into PRUEBASQL.RESPUESTAS_ALUMNO (RESPUESTA_ALUMNOID,RESPUESTA_ALUMNO,PREGUNTAS_PREGUNTAS_ID,PRU_IND_PRUEBA_INDIVIDUAL_ID,ALTERNATIVA_ID) values (443,0,18,20,53);
Insert into PRUEBASQL.RESPUESTAS_ALUMNO (RESPUESTA_ALUMNOID,RESPUESTA_ALUMNO,PREGUNTAS_PREGUNTAS_ID,PRU_IND_PRUEBA_INDIVIDUAL_ID,ALTERNATIVA_ID) values (444,1,18,20,54);
Insert into PRUEBASQL.RESPUESTAS_ALUMNO (RESPUESTA_ALUMNOID,RESPUESTA_ALUMNO,PREGUNTAS_PREGUNTAS_ID,PRU_IND_PRUEBA_INDIVIDUAL_ID,ALTERNATIVA_ID) values (445,0,19,20,55);
Insert into PRUEBASQL.RESPUESTAS_ALUMNO (RESPUESTA_ALUMNOID,RESPUESTA_ALUMNO,PREGUNTAS_PREGUNTAS_ID,PRU_IND_PRUEBA_INDIVIDUAL_ID,ALTERNATIVA_ID) values (446,0,19,20,56);
Insert into PRUEBASQL.RESPUESTAS_ALUMNO (RESPUESTA_ALUMNOID,RESPUESTA_ALUMNO,PREGUNTAS_PREGUNTAS_ID,PRU_IND_PRUEBA_INDIVIDUAL_ID,ALTERNATIVA_ID) values (447,0,19,20,57);
Insert into PRUEBASQL.RESPUESTAS_ALUMNO (RESPUESTA_ALUMNOID,RESPUESTA_ALUMNO,PREGUNTAS_PREGUNTAS_ID,PRU_IND_PRUEBA_INDIVIDUAL_ID,ALTERNATIVA_ID) values (448,1,20,20,58);
Insert into PRUEBASQL.RESPUESTAS_ALUMNO (RESPUESTA_ALUMNOID,RESPUESTA_ALUMNO,PREGUNTAS_PREGUNTAS_ID,PRU_IND_PRUEBA_INDIVIDUAL_ID,ALTERNATIVA_ID) values (449,1,20,20,59);
Insert into PRUEBASQL.RESPUESTAS_ALUMNO (RESPUESTA_ALUMNOID,RESPUESTA_ALUMNO,PREGUNTAS_PREGUNTAS_ID,PRU_IND_PRUEBA_INDIVIDUAL_ID,ALTERNATIVA_ID) values (450,1,20,20,60);
Insert into PRUEBASQL.RESPUESTAS_ALUMNO (RESPUESTA_ALUMNOID,RESPUESTA_ALUMNO,PREGUNTAS_PREGUNTAS_ID,PRU_IND_PRUEBA_INDIVIDUAL_ID,ALTERNATIVA_ID) values (451,1,1,6,1);
Insert into PRUEBASQL.RESPUESTAS_ALUMNO (RESPUESTA_ALUMNOID,RESPUESTA_ALUMNO,PREGUNTAS_PREGUNTAS_ID,PRU_IND_PRUEBA_INDIVIDUAL_ID,ALTERNATIVA_ID) values (452,0,1,6,2);
Insert into PRUEBASQL.RESPUESTAS_ALUMNO (RESPUESTA_ALUMNOID,RESPUESTA_ALUMNO,PREGUNTAS_PREGUNTAS_ID,PRU_IND_PRUEBA_INDIVIDUAL_ID,ALTERNATIVA_ID) values (453,0,1,6,3);
Insert into PRUEBASQL.RESPUESTAS_ALUMNO (RESPUESTA_ALUMNOID,RESPUESTA_ALUMNO,PREGUNTAS_PREGUNTAS_ID,PRU_IND_PRUEBA_INDIVIDUAL_ID,ALTERNATIVA_ID) values (454,1,2,6,4);
Insert into PRUEBASQL.RESPUESTAS_ALUMNO (RESPUESTA_ALUMNOID,RESPUESTA_ALUMNO,PREGUNTAS_PREGUNTAS_ID,PRU_IND_PRUEBA_INDIVIDUAL_ID,ALTERNATIVA_ID) values (455,0,2,6,5);
Insert into PRUEBASQL.RESPUESTAS_ALUMNO (RESPUESTA_ALUMNOID,RESPUESTA_ALUMNO,PREGUNTAS_PREGUNTAS_ID,PRU_IND_PRUEBA_INDIVIDUAL_ID,ALTERNATIVA_ID) values (456,0,2,6,6);
Insert into PRUEBASQL.RESPUESTAS_ALUMNO (RESPUESTA_ALUMNOID,RESPUESTA_ALUMNO,PREGUNTAS_PREGUNTAS_ID,PRU_IND_PRUEBA_INDIVIDUAL_ID,ALTERNATIVA_ID) values (457,1,3,6,7);
Insert into PRUEBASQL.RESPUESTAS_ALUMNO (RESPUESTA_ALUMNOID,RESPUESTA_ALUMNO,PREGUNTAS_PREGUNTAS_ID,PRU_IND_PRUEBA_INDIVIDUAL_ID,ALTERNATIVA_ID) values (458,1,3,6,8);
Insert into PRUEBASQL.RESPUESTAS_ALUMNO (RESPUESTA_ALUMNOID,RESPUESTA_ALUMNO,PREGUNTAS_PREGUNTAS_ID,PRU_IND_PRUEBA_INDIVIDUAL_ID,ALTERNATIVA_ID) values (459,0,3,6,9);
Insert into PRUEBASQL.RESPUESTAS_ALUMNO (RESPUESTA_ALUMNOID,RESPUESTA_ALUMNO,PREGUNTAS_PREGUNTAS_ID,PRU_IND_PRUEBA_INDIVIDUAL_ID,ALTERNATIVA_ID) values (460,1,4,6,10);
Insert into PRUEBASQL.RESPUESTAS_ALUMNO (RESPUESTA_ALUMNOID,RESPUESTA_ALUMNO,PREGUNTAS_PREGUNTAS_ID,PRU_IND_PRUEBA_INDIVIDUAL_ID,ALTERNATIVA_ID) values (461,0,4,6,11);
Insert into PRUEBASQL.RESPUESTAS_ALUMNO (RESPUESTA_ALUMNOID,RESPUESTA_ALUMNO,PREGUNTAS_PREGUNTAS_ID,PRU_IND_PRUEBA_INDIVIDUAL_ID,ALTERNATIVA_ID) values (462,0,4,6,12);
Insert into PRUEBASQL.RESPUESTAS_ALUMNO (RESPUESTA_ALUMNOID,RESPUESTA_ALUMNO,PREGUNTAS_PREGUNTAS_ID,PRU_IND_PRUEBA_INDIVIDUAL_ID,ALTERNATIVA_ID) values (463,1,5,6,13);
Insert into PRUEBASQL.RESPUESTAS_ALUMNO (RESPUESTA_ALUMNOID,RESPUESTA_ALUMNO,PREGUNTAS_PREGUNTAS_ID,PRU_IND_PRUEBA_INDIVIDUAL_ID,ALTERNATIVA_ID) values (464,0,5,6,14);
Insert into PRUEBASQL.RESPUESTAS_ALUMNO (RESPUESTA_ALUMNOID,RESPUESTA_ALUMNO,PREGUNTAS_PREGUNTAS_ID,PRU_IND_PRUEBA_INDIVIDUAL_ID,ALTERNATIVA_ID) values (465,0,5,6,15);
Insert into PRUEBASQL.RESPUESTAS_ALUMNO (RESPUESTA_ALUMNOID,RESPUESTA_ALUMNO,PREGUNTAS_PREGUNTAS_ID,PRU_IND_PRUEBA_INDIVIDUAL_ID,ALTERNATIVA_ID) values (466,1,6,6,16);
Insert into PRUEBASQL.RESPUESTAS_ALUMNO (RESPUESTA_ALUMNOID,RESPUESTA_ALUMNO,PREGUNTAS_PREGUNTAS_ID,PRU_IND_PRUEBA_INDIVIDUAL_ID,ALTERNATIVA_ID) values (467,1,6,6,17);
Insert into PRUEBASQL.RESPUESTAS_ALUMNO (RESPUESTA_ALUMNOID,RESPUESTA_ALUMNO,PREGUNTAS_PREGUNTAS_ID,PRU_IND_PRUEBA_INDIVIDUAL_ID,ALTERNATIVA_ID) values (468,0,6,6,18);
Insert into PRUEBASQL.RESPUESTAS_ALUMNO (RESPUESTA_ALUMNOID,RESPUESTA_ALUMNO,PREGUNTAS_PREGUNTAS_ID,PRU_IND_PRUEBA_INDIVIDUAL_ID,ALTERNATIVA_ID) values (469,1,8,6,19);
Insert into PRUEBASQL.RESPUESTAS_ALUMNO (RESPUESTA_ALUMNOID,RESPUESTA_ALUMNO,PREGUNTAS_PREGUNTAS_ID,PRU_IND_PRUEBA_INDIVIDUAL_ID,ALTERNATIVA_ID) values (470,1,8,6,20);
Insert into PRUEBASQL.RESPUESTAS_ALUMNO (RESPUESTA_ALUMNOID,RESPUESTA_ALUMNO,PREGUNTAS_PREGUNTAS_ID,PRU_IND_PRUEBA_INDIVIDUAL_ID,ALTERNATIVA_ID) values (471,0,8,6,21);
Insert into PRUEBASQL.RESPUESTAS_ALUMNO (RESPUESTA_ALUMNOID,RESPUESTA_ALUMNO,PREGUNTAS_PREGUNTAS_ID,PRU_IND_PRUEBA_INDIVIDUAL_ID,ALTERNATIVA_ID) values (472,1,7,6,22);
Insert into PRUEBASQL.RESPUESTAS_ALUMNO (RESPUESTA_ALUMNOID,RESPUESTA_ALUMNO,PREGUNTAS_PREGUNTAS_ID,PRU_IND_PRUEBA_INDIVIDUAL_ID,ALTERNATIVA_ID) values (473,0,7,6,23);
Insert into PRUEBASQL.RESPUESTAS_ALUMNO (RESPUESTA_ALUMNOID,RESPUESTA_ALUMNO,PREGUNTAS_PREGUNTAS_ID,PRU_IND_PRUEBA_INDIVIDUAL_ID,ALTERNATIVA_ID) values (474,0,7,6,24);
Insert into PRUEBASQL.RESPUESTAS_ALUMNO (RESPUESTA_ALUMNOID,RESPUESTA_ALUMNO,PREGUNTAS_PREGUNTAS_ID,PRU_IND_PRUEBA_INDIVIDUAL_ID,ALTERNATIVA_ID) values (475,1,9,6,25);
Insert into PRUEBASQL.RESPUESTAS_ALUMNO (RESPUESTA_ALUMNOID,RESPUESTA_ALUMNO,PREGUNTAS_PREGUNTAS_ID,PRU_IND_PRUEBA_INDIVIDUAL_ID,ALTERNATIVA_ID) values (476,1,9,6,26);
Insert into PRUEBASQL.RESPUESTAS_ALUMNO (RESPUESTA_ALUMNOID,RESPUESTA_ALUMNO,PREGUNTAS_PREGUNTAS_ID,PRU_IND_PRUEBA_INDIVIDUAL_ID,ALTERNATIVA_ID) values (477,0,9,6,27);
Insert into PRUEBASQL.RESPUESTAS_ALUMNO (RESPUESTA_ALUMNOID,RESPUESTA_ALUMNO,PREGUNTAS_PREGUNTAS_ID,PRU_IND_PRUEBA_INDIVIDUAL_ID,ALTERNATIVA_ID) values (478,0,10,6,28);
Insert into PRUEBASQL.RESPUESTAS_ALUMNO (RESPUESTA_ALUMNOID,RESPUESTA_ALUMNO,PREGUNTAS_PREGUNTAS_ID,PRU_IND_PRUEBA_INDIVIDUAL_ID,ALTERNATIVA_ID) values (479,0,10,6,29);
Insert into PRUEBASQL.RESPUESTAS_ALUMNO (RESPUESTA_ALUMNOID,RESPUESTA_ALUMNO,PREGUNTAS_PREGUNTAS_ID,PRU_IND_PRUEBA_INDIVIDUAL_ID,ALTERNATIVA_ID) values (480,1,10,6,30);
Insert into PRUEBASQL.RESPUESTAS_ALUMNO (RESPUESTA_ALUMNOID,RESPUESTA_ALUMNO,PREGUNTAS_PREGUNTAS_ID,PRU_IND_PRUEBA_INDIVIDUAL_ID,ALTERNATIVA_ID) values (481,1,1,7,1);
Insert into PRUEBASQL.RESPUESTAS_ALUMNO (RESPUESTA_ALUMNOID,RESPUESTA_ALUMNO,PREGUNTAS_PREGUNTAS_ID,PRU_IND_PRUEBA_INDIVIDUAL_ID,ALTERNATIVA_ID) values (482,0,1,7,2);
Insert into PRUEBASQL.RESPUESTAS_ALUMNO (RESPUESTA_ALUMNOID,RESPUESTA_ALUMNO,PREGUNTAS_PREGUNTAS_ID,PRU_IND_PRUEBA_INDIVIDUAL_ID,ALTERNATIVA_ID) values (483,0,1,7,3);
Insert into PRUEBASQL.RESPUESTAS_ALUMNO (RESPUESTA_ALUMNOID,RESPUESTA_ALUMNO,PREGUNTAS_PREGUNTAS_ID,PRU_IND_PRUEBA_INDIVIDUAL_ID,ALTERNATIVA_ID) values (484,1,2,7,4);
Insert into PRUEBASQL.RESPUESTAS_ALUMNO (RESPUESTA_ALUMNOID,RESPUESTA_ALUMNO,PREGUNTAS_PREGUNTAS_ID,PRU_IND_PRUEBA_INDIVIDUAL_ID,ALTERNATIVA_ID) values (485,0,2,7,5);
Insert into PRUEBASQL.RESPUESTAS_ALUMNO (RESPUESTA_ALUMNOID,RESPUESTA_ALUMNO,PREGUNTAS_PREGUNTAS_ID,PRU_IND_PRUEBA_INDIVIDUAL_ID,ALTERNATIVA_ID) values (486,0,2,7,6);
Insert into PRUEBASQL.RESPUESTAS_ALUMNO (RESPUESTA_ALUMNOID,RESPUESTA_ALUMNO,PREGUNTAS_PREGUNTAS_ID,PRU_IND_PRUEBA_INDIVIDUAL_ID,ALTERNATIVA_ID) values (487,1,3,7,7);
Insert into PRUEBASQL.RESPUESTAS_ALUMNO (RESPUESTA_ALUMNOID,RESPUESTA_ALUMNO,PREGUNTAS_PREGUNTAS_ID,PRU_IND_PRUEBA_INDIVIDUAL_ID,ALTERNATIVA_ID) values (488,1,3,7,8);
Insert into PRUEBASQL.RESPUESTAS_ALUMNO (RESPUESTA_ALUMNOID,RESPUESTA_ALUMNO,PREGUNTAS_PREGUNTAS_ID,PRU_IND_PRUEBA_INDIVIDUAL_ID,ALTERNATIVA_ID) values (489,0,3,7,9);
Insert into PRUEBASQL.RESPUESTAS_ALUMNO (RESPUESTA_ALUMNOID,RESPUESTA_ALUMNO,PREGUNTAS_PREGUNTAS_ID,PRU_IND_PRUEBA_INDIVIDUAL_ID,ALTERNATIVA_ID) values (490,1,4,7,10);
Insert into PRUEBASQL.RESPUESTAS_ALUMNO (RESPUESTA_ALUMNOID,RESPUESTA_ALUMNO,PREGUNTAS_PREGUNTAS_ID,PRU_IND_PRUEBA_INDIVIDUAL_ID,ALTERNATIVA_ID) values (491,0,4,7,11);
Insert into PRUEBASQL.RESPUESTAS_ALUMNO (RESPUESTA_ALUMNOID,RESPUESTA_ALUMNO,PREGUNTAS_PREGUNTAS_ID,PRU_IND_PRUEBA_INDIVIDUAL_ID,ALTERNATIVA_ID) values (492,0,4,7,12);
Insert into PRUEBASQL.RESPUESTAS_ALUMNO (RESPUESTA_ALUMNOID,RESPUESTA_ALUMNO,PREGUNTAS_PREGUNTAS_ID,PRU_IND_PRUEBA_INDIVIDUAL_ID,ALTERNATIVA_ID) values (493,1,5,7,13);
Insert into PRUEBASQL.RESPUESTAS_ALUMNO (RESPUESTA_ALUMNOID,RESPUESTA_ALUMNO,PREGUNTAS_PREGUNTAS_ID,PRU_IND_PRUEBA_INDIVIDUAL_ID,ALTERNATIVA_ID) values (494,0,5,7,14);
Insert into PRUEBASQL.RESPUESTAS_ALUMNO (RESPUESTA_ALUMNOID,RESPUESTA_ALUMNO,PREGUNTAS_PREGUNTAS_ID,PRU_IND_PRUEBA_INDIVIDUAL_ID,ALTERNATIVA_ID) values (495,0,5,7,15);
Insert into PRUEBASQL.RESPUESTAS_ALUMNO (RESPUESTA_ALUMNOID,RESPUESTA_ALUMNO,PREGUNTAS_PREGUNTAS_ID,PRU_IND_PRUEBA_INDIVIDUAL_ID,ALTERNATIVA_ID) values (496,1,6,7,16);
Insert into PRUEBASQL.RESPUESTAS_ALUMNO (RESPUESTA_ALUMNOID,RESPUESTA_ALUMNO,PREGUNTAS_PREGUNTAS_ID,PRU_IND_PRUEBA_INDIVIDUAL_ID,ALTERNATIVA_ID) values (497,1,6,7,17);
Insert into PRUEBASQL.RESPUESTAS_ALUMNO (RESPUESTA_ALUMNOID,RESPUESTA_ALUMNO,PREGUNTAS_PREGUNTAS_ID,PRU_IND_PRUEBA_INDIVIDUAL_ID,ALTERNATIVA_ID) values (498,0,6,7,18);
Insert into PRUEBASQL.RESPUESTAS_ALUMNO (RESPUESTA_ALUMNOID,RESPUESTA_ALUMNO,PREGUNTAS_PREGUNTAS_ID,PRU_IND_PRUEBA_INDIVIDUAL_ID,ALTERNATIVA_ID) values (499,1,8,7,19);
Insert into PRUEBASQL.RESPUESTAS_ALUMNO (RESPUESTA_ALUMNOID,RESPUESTA_ALUMNO,PREGUNTAS_PREGUNTAS_ID,PRU_IND_PRUEBA_INDIVIDUAL_ID,ALTERNATIVA_ID) values (500,1,8,7,20);
Insert into PRUEBASQL.RESPUESTAS_ALUMNO (RESPUESTA_ALUMNOID,RESPUESTA_ALUMNO,PREGUNTAS_PREGUNTAS_ID,PRU_IND_PRUEBA_INDIVIDUAL_ID,ALTERNATIVA_ID) values (501,0,8,7,21);
Insert into PRUEBASQL.RESPUESTAS_ALUMNO (RESPUESTA_ALUMNOID,RESPUESTA_ALUMNO,PREGUNTAS_PREGUNTAS_ID,PRU_IND_PRUEBA_INDIVIDUAL_ID,ALTERNATIVA_ID) values (502,1,7,7,22);
Insert into PRUEBASQL.RESPUESTAS_ALUMNO (RESPUESTA_ALUMNOID,RESPUESTA_ALUMNO,PREGUNTAS_PREGUNTAS_ID,PRU_IND_PRUEBA_INDIVIDUAL_ID,ALTERNATIVA_ID) values (503,0,7,7,23);
Insert into PRUEBASQL.RESPUESTAS_ALUMNO (RESPUESTA_ALUMNOID,RESPUESTA_ALUMNO,PREGUNTAS_PREGUNTAS_ID,PRU_IND_PRUEBA_INDIVIDUAL_ID,ALTERNATIVA_ID) values (504,0,7,7,24);
Insert into PRUEBASQL.RESPUESTAS_ALUMNO (RESPUESTA_ALUMNOID,RESPUESTA_ALUMNO,PREGUNTAS_PREGUNTAS_ID,PRU_IND_PRUEBA_INDIVIDUAL_ID,ALTERNATIVA_ID) values (505,1,9,7,25);
Insert into PRUEBASQL.RESPUESTAS_ALUMNO (RESPUESTA_ALUMNOID,RESPUESTA_ALUMNO,PREGUNTAS_PREGUNTAS_ID,PRU_IND_PRUEBA_INDIVIDUAL_ID,ALTERNATIVA_ID) values (506,1,9,7,26);
Insert into PRUEBASQL.RESPUESTAS_ALUMNO (RESPUESTA_ALUMNOID,RESPUESTA_ALUMNO,PREGUNTAS_PREGUNTAS_ID,PRU_IND_PRUEBA_INDIVIDUAL_ID,ALTERNATIVA_ID) values (507,0,9,7,27);
Insert into PRUEBASQL.RESPUESTAS_ALUMNO (RESPUESTA_ALUMNOID,RESPUESTA_ALUMNO,PREGUNTAS_PREGUNTAS_ID,PRU_IND_PRUEBA_INDIVIDUAL_ID,ALTERNATIVA_ID) values (508,0,10,7,28);
Insert into PRUEBASQL.RESPUESTAS_ALUMNO (RESPUESTA_ALUMNOID,RESPUESTA_ALUMNO,PREGUNTAS_PREGUNTAS_ID,PRU_IND_PRUEBA_INDIVIDUAL_ID,ALTERNATIVA_ID) values (509,0,10,7,29);
Insert into PRUEBASQL.RESPUESTAS_ALUMNO (RESPUESTA_ALUMNOID,RESPUESTA_ALUMNO,PREGUNTAS_PREGUNTAS_ID,PRU_IND_PRUEBA_INDIVIDUAL_ID,ALTERNATIVA_ID) values (510,1,10,7,30);
Insert into PRUEBASQL.RESPUESTAS_ALUMNO (RESPUESTA_ALUMNOID,RESPUESTA_ALUMNO,PREGUNTAS_PREGUNTAS_ID,PRU_IND_PRUEBA_INDIVIDUAL_ID,ALTERNATIVA_ID) values (511,1,1,8,1);
Insert into PRUEBASQL.RESPUESTAS_ALUMNO (RESPUESTA_ALUMNOID,RESPUESTA_ALUMNO,PREGUNTAS_PREGUNTAS_ID,PRU_IND_PRUEBA_INDIVIDUAL_ID,ALTERNATIVA_ID) values (512,0,1,8,2);
Insert into PRUEBASQL.RESPUESTAS_ALUMNO (RESPUESTA_ALUMNOID,RESPUESTA_ALUMNO,PREGUNTAS_PREGUNTAS_ID,PRU_IND_PRUEBA_INDIVIDUAL_ID,ALTERNATIVA_ID) values (513,0,1,8,3);
Insert into PRUEBASQL.RESPUESTAS_ALUMNO (RESPUESTA_ALUMNOID,RESPUESTA_ALUMNO,PREGUNTAS_PREGUNTAS_ID,PRU_IND_PRUEBA_INDIVIDUAL_ID,ALTERNATIVA_ID) values (514,1,2,8,4);
Insert into PRUEBASQL.RESPUESTAS_ALUMNO (RESPUESTA_ALUMNOID,RESPUESTA_ALUMNO,PREGUNTAS_PREGUNTAS_ID,PRU_IND_PRUEBA_INDIVIDUAL_ID,ALTERNATIVA_ID) values (515,0,2,8,5);
Insert into PRUEBASQL.RESPUESTAS_ALUMNO (RESPUESTA_ALUMNOID,RESPUESTA_ALUMNO,PREGUNTAS_PREGUNTAS_ID,PRU_IND_PRUEBA_INDIVIDUAL_ID,ALTERNATIVA_ID) values (516,0,2,8,6);
Insert into PRUEBASQL.RESPUESTAS_ALUMNO (RESPUESTA_ALUMNOID,RESPUESTA_ALUMNO,PREGUNTAS_PREGUNTAS_ID,PRU_IND_PRUEBA_INDIVIDUAL_ID,ALTERNATIVA_ID) values (517,1,3,8,7);
Insert into PRUEBASQL.RESPUESTAS_ALUMNO (RESPUESTA_ALUMNOID,RESPUESTA_ALUMNO,PREGUNTAS_PREGUNTAS_ID,PRU_IND_PRUEBA_INDIVIDUAL_ID,ALTERNATIVA_ID) values (518,1,3,8,8);
Insert into PRUEBASQL.RESPUESTAS_ALUMNO (RESPUESTA_ALUMNOID,RESPUESTA_ALUMNO,PREGUNTAS_PREGUNTAS_ID,PRU_IND_PRUEBA_INDIVIDUAL_ID,ALTERNATIVA_ID) values (519,0,3,8,9);
Insert into PRUEBASQL.RESPUESTAS_ALUMNO (RESPUESTA_ALUMNOID,RESPUESTA_ALUMNO,PREGUNTAS_PREGUNTAS_ID,PRU_IND_PRUEBA_INDIVIDUAL_ID,ALTERNATIVA_ID) values (520,1,4,8,10);
Insert into PRUEBASQL.RESPUESTAS_ALUMNO (RESPUESTA_ALUMNOID,RESPUESTA_ALUMNO,PREGUNTAS_PREGUNTAS_ID,PRU_IND_PRUEBA_INDIVIDUAL_ID,ALTERNATIVA_ID) values (521,0,4,8,11);
Insert into PRUEBASQL.RESPUESTAS_ALUMNO (RESPUESTA_ALUMNOID,RESPUESTA_ALUMNO,PREGUNTAS_PREGUNTAS_ID,PRU_IND_PRUEBA_INDIVIDUAL_ID,ALTERNATIVA_ID) values (522,0,4,8,12);
Insert into PRUEBASQL.RESPUESTAS_ALUMNO (RESPUESTA_ALUMNOID,RESPUESTA_ALUMNO,PREGUNTAS_PREGUNTAS_ID,PRU_IND_PRUEBA_INDIVIDUAL_ID,ALTERNATIVA_ID) values (523,1,5,8,13);
Insert into PRUEBASQL.RESPUESTAS_ALUMNO (RESPUESTA_ALUMNOID,RESPUESTA_ALUMNO,PREGUNTAS_PREGUNTAS_ID,PRU_IND_PRUEBA_INDIVIDUAL_ID,ALTERNATIVA_ID) values (524,0,5,8,14);
Insert into PRUEBASQL.RESPUESTAS_ALUMNO (RESPUESTA_ALUMNOID,RESPUESTA_ALUMNO,PREGUNTAS_PREGUNTAS_ID,PRU_IND_PRUEBA_INDIVIDUAL_ID,ALTERNATIVA_ID) values (525,0,5,8,15);
Insert into PRUEBASQL.RESPUESTAS_ALUMNO (RESPUESTA_ALUMNOID,RESPUESTA_ALUMNO,PREGUNTAS_PREGUNTAS_ID,PRU_IND_PRUEBA_INDIVIDUAL_ID,ALTERNATIVA_ID) values (526,1,6,8,16);
Insert into PRUEBASQL.RESPUESTAS_ALUMNO (RESPUESTA_ALUMNOID,RESPUESTA_ALUMNO,PREGUNTAS_PREGUNTAS_ID,PRU_IND_PRUEBA_INDIVIDUAL_ID,ALTERNATIVA_ID) values (527,1,6,8,17);
Insert into PRUEBASQL.RESPUESTAS_ALUMNO (RESPUESTA_ALUMNOID,RESPUESTA_ALUMNO,PREGUNTAS_PREGUNTAS_ID,PRU_IND_PRUEBA_INDIVIDUAL_ID,ALTERNATIVA_ID) values (528,0,6,8,18);
Insert into PRUEBASQL.RESPUESTAS_ALUMNO (RESPUESTA_ALUMNOID,RESPUESTA_ALUMNO,PREGUNTAS_PREGUNTAS_ID,PRU_IND_PRUEBA_INDIVIDUAL_ID,ALTERNATIVA_ID) values (529,1,8,8,19);
Insert into PRUEBASQL.RESPUESTAS_ALUMNO (RESPUESTA_ALUMNOID,RESPUESTA_ALUMNO,PREGUNTAS_PREGUNTAS_ID,PRU_IND_PRUEBA_INDIVIDUAL_ID,ALTERNATIVA_ID) values (530,1,8,8,20);
Insert into PRUEBASQL.RESPUESTAS_ALUMNO (RESPUESTA_ALUMNOID,RESPUESTA_ALUMNO,PREGUNTAS_PREGUNTAS_ID,PRU_IND_PRUEBA_INDIVIDUAL_ID,ALTERNATIVA_ID) values (531,0,8,8,21);
Insert into PRUEBASQL.RESPUESTAS_ALUMNO (RESPUESTA_ALUMNOID,RESPUESTA_ALUMNO,PREGUNTAS_PREGUNTAS_ID,PRU_IND_PRUEBA_INDIVIDUAL_ID,ALTERNATIVA_ID) values (532,1,7,8,22);
Insert into PRUEBASQL.RESPUESTAS_ALUMNO (RESPUESTA_ALUMNOID,RESPUESTA_ALUMNO,PREGUNTAS_PREGUNTAS_ID,PRU_IND_PRUEBA_INDIVIDUAL_ID,ALTERNATIVA_ID) values (533,0,7,8,23);
Insert into PRUEBASQL.RESPUESTAS_ALUMNO (RESPUESTA_ALUMNOID,RESPUESTA_ALUMNO,PREGUNTAS_PREGUNTAS_ID,PRU_IND_PRUEBA_INDIVIDUAL_ID,ALTERNATIVA_ID) values (534,0,7,8,24);
Insert into PRUEBASQL.RESPUESTAS_ALUMNO (RESPUESTA_ALUMNOID,RESPUESTA_ALUMNO,PREGUNTAS_PREGUNTAS_ID,PRU_IND_PRUEBA_INDIVIDUAL_ID,ALTERNATIVA_ID) values (535,1,9,8,25);
Insert into PRUEBASQL.RESPUESTAS_ALUMNO (RESPUESTA_ALUMNOID,RESPUESTA_ALUMNO,PREGUNTAS_PREGUNTAS_ID,PRU_IND_PRUEBA_INDIVIDUAL_ID,ALTERNATIVA_ID) values (536,1,9,8,26);
Insert into PRUEBASQL.RESPUESTAS_ALUMNO (RESPUESTA_ALUMNOID,RESPUESTA_ALUMNO,PREGUNTAS_PREGUNTAS_ID,PRU_IND_PRUEBA_INDIVIDUAL_ID,ALTERNATIVA_ID) values (537,0,9,8,27);
Insert into PRUEBASQL.RESPUESTAS_ALUMNO (RESPUESTA_ALUMNOID,RESPUESTA_ALUMNO,PREGUNTAS_PREGUNTAS_ID,PRU_IND_PRUEBA_INDIVIDUAL_ID,ALTERNATIVA_ID) values (538,0,10,8,28);
Insert into PRUEBASQL.RESPUESTAS_ALUMNO (RESPUESTA_ALUMNOID,RESPUESTA_ALUMNO,PREGUNTAS_PREGUNTAS_ID,PRU_IND_PRUEBA_INDIVIDUAL_ID,ALTERNATIVA_ID) values (539,0,10,8,29);
Insert into PRUEBASQL.RESPUESTAS_ALUMNO (RESPUESTA_ALUMNOID,RESPUESTA_ALUMNO,PREGUNTAS_PREGUNTAS_ID,PRU_IND_PRUEBA_INDIVIDUAL_ID,ALTERNATIVA_ID) values (540,1,10,8,30);
Insert into PRUEBASQL.RESPUESTAS_ALUMNO (RESPUESTA_ALUMNOID,RESPUESTA_ALUMNO,PREGUNTAS_PREGUNTAS_ID,PRU_IND_PRUEBA_INDIVIDUAL_ID,ALTERNATIVA_ID) values (541,1,1,9,1);
Insert into PRUEBASQL.RESPUESTAS_ALUMNO (RESPUESTA_ALUMNOID,RESPUESTA_ALUMNO,PREGUNTAS_PREGUNTAS_ID,PRU_IND_PRUEBA_INDIVIDUAL_ID,ALTERNATIVA_ID) values (542,0,1,9,2);
Insert into PRUEBASQL.RESPUESTAS_ALUMNO (RESPUESTA_ALUMNOID,RESPUESTA_ALUMNO,PREGUNTAS_PREGUNTAS_ID,PRU_IND_PRUEBA_INDIVIDUAL_ID,ALTERNATIVA_ID) values (543,0,1,9,3);
Insert into PRUEBASQL.RESPUESTAS_ALUMNO (RESPUESTA_ALUMNOID,RESPUESTA_ALUMNO,PREGUNTAS_PREGUNTAS_ID,PRU_IND_PRUEBA_INDIVIDUAL_ID,ALTERNATIVA_ID) values (544,1,2,9,4);
Insert into PRUEBASQL.RESPUESTAS_ALUMNO (RESPUESTA_ALUMNOID,RESPUESTA_ALUMNO,PREGUNTAS_PREGUNTAS_ID,PRU_IND_PRUEBA_INDIVIDUAL_ID,ALTERNATIVA_ID) values (545,0,2,9,5);
Insert into PRUEBASQL.RESPUESTAS_ALUMNO (RESPUESTA_ALUMNOID,RESPUESTA_ALUMNO,PREGUNTAS_PREGUNTAS_ID,PRU_IND_PRUEBA_INDIVIDUAL_ID,ALTERNATIVA_ID) values (546,0,2,9,6);
Insert into PRUEBASQL.RESPUESTAS_ALUMNO (RESPUESTA_ALUMNOID,RESPUESTA_ALUMNO,PREGUNTAS_PREGUNTAS_ID,PRU_IND_PRUEBA_INDIVIDUAL_ID,ALTERNATIVA_ID) values (547,1,3,9,7);
Insert into PRUEBASQL.RESPUESTAS_ALUMNO (RESPUESTA_ALUMNOID,RESPUESTA_ALUMNO,PREGUNTAS_PREGUNTAS_ID,PRU_IND_PRUEBA_INDIVIDUAL_ID,ALTERNATIVA_ID) values (548,1,3,9,8);
Insert into PRUEBASQL.RESPUESTAS_ALUMNO (RESPUESTA_ALUMNOID,RESPUESTA_ALUMNO,PREGUNTAS_PREGUNTAS_ID,PRU_IND_PRUEBA_INDIVIDUAL_ID,ALTERNATIVA_ID) values (549,0,3,9,9);
Insert into PRUEBASQL.RESPUESTAS_ALUMNO (RESPUESTA_ALUMNOID,RESPUESTA_ALUMNO,PREGUNTAS_PREGUNTAS_ID,PRU_IND_PRUEBA_INDIVIDUAL_ID,ALTERNATIVA_ID) values (550,1,4,9,10);
Insert into PRUEBASQL.RESPUESTAS_ALUMNO (RESPUESTA_ALUMNOID,RESPUESTA_ALUMNO,PREGUNTAS_PREGUNTAS_ID,PRU_IND_PRUEBA_INDIVIDUAL_ID,ALTERNATIVA_ID) values (551,0,4,9,11);
Insert into PRUEBASQL.RESPUESTAS_ALUMNO (RESPUESTA_ALUMNOID,RESPUESTA_ALUMNO,PREGUNTAS_PREGUNTAS_ID,PRU_IND_PRUEBA_INDIVIDUAL_ID,ALTERNATIVA_ID) values (552,0,4,9,12);
Insert into PRUEBASQL.RESPUESTAS_ALUMNO (RESPUESTA_ALUMNOID,RESPUESTA_ALUMNO,PREGUNTAS_PREGUNTAS_ID,PRU_IND_PRUEBA_INDIVIDUAL_ID,ALTERNATIVA_ID) values (553,1,5,9,13);
Insert into PRUEBASQL.RESPUESTAS_ALUMNO (RESPUESTA_ALUMNOID,RESPUESTA_ALUMNO,PREGUNTAS_PREGUNTAS_ID,PRU_IND_PRUEBA_INDIVIDUAL_ID,ALTERNATIVA_ID) values (554,0,5,9,14);
Insert into PRUEBASQL.RESPUESTAS_ALUMNO (RESPUESTA_ALUMNOID,RESPUESTA_ALUMNO,PREGUNTAS_PREGUNTAS_ID,PRU_IND_PRUEBA_INDIVIDUAL_ID,ALTERNATIVA_ID) values (555,0,5,9,15);
Insert into PRUEBASQL.RESPUESTAS_ALUMNO (RESPUESTA_ALUMNOID,RESPUESTA_ALUMNO,PREGUNTAS_PREGUNTAS_ID,PRU_IND_PRUEBA_INDIVIDUAL_ID,ALTERNATIVA_ID) values (556,1,6,9,16);
Insert into PRUEBASQL.RESPUESTAS_ALUMNO (RESPUESTA_ALUMNOID,RESPUESTA_ALUMNO,PREGUNTAS_PREGUNTAS_ID,PRU_IND_PRUEBA_INDIVIDUAL_ID,ALTERNATIVA_ID) values (557,1,6,9,17);
Insert into PRUEBASQL.RESPUESTAS_ALUMNO (RESPUESTA_ALUMNOID,RESPUESTA_ALUMNO,PREGUNTAS_PREGUNTAS_ID,PRU_IND_PRUEBA_INDIVIDUAL_ID,ALTERNATIVA_ID) values (558,0,6,9,18);
Insert into PRUEBASQL.RESPUESTAS_ALUMNO (RESPUESTA_ALUMNOID,RESPUESTA_ALUMNO,PREGUNTAS_PREGUNTAS_ID,PRU_IND_PRUEBA_INDIVIDUAL_ID,ALTERNATIVA_ID) values (559,1,8,9,19);
Insert into PRUEBASQL.RESPUESTAS_ALUMNO (RESPUESTA_ALUMNOID,RESPUESTA_ALUMNO,PREGUNTAS_PREGUNTAS_ID,PRU_IND_PRUEBA_INDIVIDUAL_ID,ALTERNATIVA_ID) values (560,1,8,9,20);
Insert into PRUEBASQL.RESPUESTAS_ALUMNO (RESPUESTA_ALUMNOID,RESPUESTA_ALUMNO,PREGUNTAS_PREGUNTAS_ID,PRU_IND_PRUEBA_INDIVIDUAL_ID,ALTERNATIVA_ID) values (561,0,8,9,21);
Insert into PRUEBASQL.RESPUESTAS_ALUMNO (RESPUESTA_ALUMNOID,RESPUESTA_ALUMNO,PREGUNTAS_PREGUNTAS_ID,PRU_IND_PRUEBA_INDIVIDUAL_ID,ALTERNATIVA_ID) values (562,1,7,9,22);
Insert into PRUEBASQL.RESPUESTAS_ALUMNO (RESPUESTA_ALUMNOID,RESPUESTA_ALUMNO,PREGUNTAS_PREGUNTAS_ID,PRU_IND_PRUEBA_INDIVIDUAL_ID,ALTERNATIVA_ID) values (563,0,7,9,23);
Insert into PRUEBASQL.RESPUESTAS_ALUMNO (RESPUESTA_ALUMNOID,RESPUESTA_ALUMNO,PREGUNTAS_PREGUNTAS_ID,PRU_IND_PRUEBA_INDIVIDUAL_ID,ALTERNATIVA_ID) values (564,0,7,9,24);
Insert into PRUEBASQL.RESPUESTAS_ALUMNO (RESPUESTA_ALUMNOID,RESPUESTA_ALUMNO,PREGUNTAS_PREGUNTAS_ID,PRU_IND_PRUEBA_INDIVIDUAL_ID,ALTERNATIVA_ID) values (565,1,9,9,25);
Insert into PRUEBASQL.RESPUESTAS_ALUMNO (RESPUESTA_ALUMNOID,RESPUESTA_ALUMNO,PREGUNTAS_PREGUNTAS_ID,PRU_IND_PRUEBA_INDIVIDUAL_ID,ALTERNATIVA_ID) values (566,1,9,9,26);
Insert into PRUEBASQL.RESPUESTAS_ALUMNO (RESPUESTA_ALUMNOID,RESPUESTA_ALUMNO,PREGUNTAS_PREGUNTAS_ID,PRU_IND_PRUEBA_INDIVIDUAL_ID,ALTERNATIVA_ID) values (567,0,9,9,27);
Insert into PRUEBASQL.RESPUESTAS_ALUMNO (RESPUESTA_ALUMNOID,RESPUESTA_ALUMNO,PREGUNTAS_PREGUNTAS_ID,PRU_IND_PRUEBA_INDIVIDUAL_ID,ALTERNATIVA_ID) values (568,0,10,9,28);
Insert into PRUEBASQL.RESPUESTAS_ALUMNO (RESPUESTA_ALUMNOID,RESPUESTA_ALUMNO,PREGUNTAS_PREGUNTAS_ID,PRU_IND_PRUEBA_INDIVIDUAL_ID,ALTERNATIVA_ID) values (569,0,10,9,29);
Insert into PRUEBASQL.RESPUESTAS_ALUMNO (RESPUESTA_ALUMNOID,RESPUESTA_ALUMNO,PREGUNTAS_PREGUNTAS_ID,PRU_IND_PRUEBA_INDIVIDUAL_ID,ALTERNATIVA_ID) values (570,1,10,9,30);
Insert into PRUEBASQL.RESPUESTAS_ALUMNO (RESPUESTA_ALUMNOID,RESPUESTA_ALUMNO,PREGUNTAS_PREGUNTAS_ID,PRU_IND_PRUEBA_INDIVIDUAL_ID,ALTERNATIVA_ID) values (571,1,1,10,1);
Insert into PRUEBASQL.RESPUESTAS_ALUMNO (RESPUESTA_ALUMNOID,RESPUESTA_ALUMNO,PREGUNTAS_PREGUNTAS_ID,PRU_IND_PRUEBA_INDIVIDUAL_ID,ALTERNATIVA_ID) values (572,0,1,10,2);
Insert into PRUEBASQL.RESPUESTAS_ALUMNO (RESPUESTA_ALUMNOID,RESPUESTA_ALUMNO,PREGUNTAS_PREGUNTAS_ID,PRU_IND_PRUEBA_INDIVIDUAL_ID,ALTERNATIVA_ID) values (573,0,1,10,3);
Insert into PRUEBASQL.RESPUESTAS_ALUMNO (RESPUESTA_ALUMNOID,RESPUESTA_ALUMNO,PREGUNTAS_PREGUNTAS_ID,PRU_IND_PRUEBA_INDIVIDUAL_ID,ALTERNATIVA_ID) values (574,1,2,10,4);
Insert into PRUEBASQL.RESPUESTAS_ALUMNO (RESPUESTA_ALUMNOID,RESPUESTA_ALUMNO,PREGUNTAS_PREGUNTAS_ID,PRU_IND_PRUEBA_INDIVIDUAL_ID,ALTERNATIVA_ID) values (575,0,2,10,5);
Insert into PRUEBASQL.RESPUESTAS_ALUMNO (RESPUESTA_ALUMNOID,RESPUESTA_ALUMNO,PREGUNTAS_PREGUNTAS_ID,PRU_IND_PRUEBA_INDIVIDUAL_ID,ALTERNATIVA_ID) values (576,0,2,10,6);
Insert into PRUEBASQL.RESPUESTAS_ALUMNO (RESPUESTA_ALUMNOID,RESPUESTA_ALUMNO,PREGUNTAS_PREGUNTAS_ID,PRU_IND_PRUEBA_INDIVIDUAL_ID,ALTERNATIVA_ID) values (577,1,3,10,7);
Insert into PRUEBASQL.RESPUESTAS_ALUMNO (RESPUESTA_ALUMNOID,RESPUESTA_ALUMNO,PREGUNTAS_PREGUNTAS_ID,PRU_IND_PRUEBA_INDIVIDUAL_ID,ALTERNATIVA_ID) values (578,1,3,10,8);
Insert into PRUEBASQL.RESPUESTAS_ALUMNO (RESPUESTA_ALUMNOID,RESPUESTA_ALUMNO,PREGUNTAS_PREGUNTAS_ID,PRU_IND_PRUEBA_INDIVIDUAL_ID,ALTERNATIVA_ID) values (579,0,3,10,9);
Insert into PRUEBASQL.RESPUESTAS_ALUMNO (RESPUESTA_ALUMNOID,RESPUESTA_ALUMNO,PREGUNTAS_PREGUNTAS_ID,PRU_IND_PRUEBA_INDIVIDUAL_ID,ALTERNATIVA_ID) values (580,1,4,10,10);
Insert into PRUEBASQL.RESPUESTAS_ALUMNO (RESPUESTA_ALUMNOID,RESPUESTA_ALUMNO,PREGUNTAS_PREGUNTAS_ID,PRU_IND_PRUEBA_INDIVIDUAL_ID,ALTERNATIVA_ID) values (581,0,4,10,11);
Insert into PRUEBASQL.RESPUESTAS_ALUMNO (RESPUESTA_ALUMNOID,RESPUESTA_ALUMNO,PREGUNTAS_PREGUNTAS_ID,PRU_IND_PRUEBA_INDIVIDUAL_ID,ALTERNATIVA_ID) values (582,0,4,10,12);
Insert into PRUEBASQL.RESPUESTAS_ALUMNO (RESPUESTA_ALUMNOID,RESPUESTA_ALUMNO,PREGUNTAS_PREGUNTAS_ID,PRU_IND_PRUEBA_INDIVIDUAL_ID,ALTERNATIVA_ID) values (583,1,5,10,13);
Insert into PRUEBASQL.RESPUESTAS_ALUMNO (RESPUESTA_ALUMNOID,RESPUESTA_ALUMNO,PREGUNTAS_PREGUNTAS_ID,PRU_IND_PRUEBA_INDIVIDUAL_ID,ALTERNATIVA_ID) values (584,0,5,10,14);
Insert into PRUEBASQL.RESPUESTAS_ALUMNO (RESPUESTA_ALUMNOID,RESPUESTA_ALUMNO,PREGUNTAS_PREGUNTAS_ID,PRU_IND_PRUEBA_INDIVIDUAL_ID,ALTERNATIVA_ID) values (585,0,5,10,15);
Insert into PRUEBASQL.RESPUESTAS_ALUMNO (RESPUESTA_ALUMNOID,RESPUESTA_ALUMNO,PREGUNTAS_PREGUNTAS_ID,PRU_IND_PRUEBA_INDIVIDUAL_ID,ALTERNATIVA_ID) values (586,1,6,10,16);
Insert into PRUEBASQL.RESPUESTAS_ALUMNO (RESPUESTA_ALUMNOID,RESPUESTA_ALUMNO,PREGUNTAS_PREGUNTAS_ID,PRU_IND_PRUEBA_INDIVIDUAL_ID,ALTERNATIVA_ID) values (587,1,6,10,17);
Insert into PRUEBASQL.RESPUESTAS_ALUMNO (RESPUESTA_ALUMNOID,RESPUESTA_ALUMNO,PREGUNTAS_PREGUNTAS_ID,PRU_IND_PRUEBA_INDIVIDUAL_ID,ALTERNATIVA_ID) values (588,0,6,10,18);
Insert into PRUEBASQL.RESPUESTAS_ALUMNO (RESPUESTA_ALUMNOID,RESPUESTA_ALUMNO,PREGUNTAS_PREGUNTAS_ID,PRU_IND_PRUEBA_INDIVIDUAL_ID,ALTERNATIVA_ID) values (589,1,8,10,19);
Insert into PRUEBASQL.RESPUESTAS_ALUMNO (RESPUESTA_ALUMNOID,RESPUESTA_ALUMNO,PREGUNTAS_PREGUNTAS_ID,PRU_IND_PRUEBA_INDIVIDUAL_ID,ALTERNATIVA_ID) values (590,1,8,10,20);
Insert into PRUEBASQL.RESPUESTAS_ALUMNO (RESPUESTA_ALUMNOID,RESPUESTA_ALUMNO,PREGUNTAS_PREGUNTAS_ID,PRU_IND_PRUEBA_INDIVIDUAL_ID,ALTERNATIVA_ID) values (591,0,8,10,21);
Insert into PRUEBASQL.RESPUESTAS_ALUMNO (RESPUESTA_ALUMNOID,RESPUESTA_ALUMNO,PREGUNTAS_PREGUNTAS_ID,PRU_IND_PRUEBA_INDIVIDUAL_ID,ALTERNATIVA_ID) values (592,1,7,10,22);
Insert into PRUEBASQL.RESPUESTAS_ALUMNO (RESPUESTA_ALUMNOID,RESPUESTA_ALUMNO,PREGUNTAS_PREGUNTAS_ID,PRU_IND_PRUEBA_INDIVIDUAL_ID,ALTERNATIVA_ID) values (593,0,7,10,23);
Insert into PRUEBASQL.RESPUESTAS_ALUMNO (RESPUESTA_ALUMNOID,RESPUESTA_ALUMNO,PREGUNTAS_PREGUNTAS_ID,PRU_IND_PRUEBA_INDIVIDUAL_ID,ALTERNATIVA_ID) values (594,0,7,10,24);
Insert into PRUEBASQL.RESPUESTAS_ALUMNO (RESPUESTA_ALUMNOID,RESPUESTA_ALUMNO,PREGUNTAS_PREGUNTAS_ID,PRU_IND_PRUEBA_INDIVIDUAL_ID,ALTERNATIVA_ID) values (595,1,9,10,25);
Insert into PRUEBASQL.RESPUESTAS_ALUMNO (RESPUESTA_ALUMNOID,RESPUESTA_ALUMNO,PREGUNTAS_PREGUNTAS_ID,PRU_IND_PRUEBA_INDIVIDUAL_ID,ALTERNATIVA_ID) values (596,1,9,10,26);
Insert into PRUEBASQL.RESPUESTAS_ALUMNO (RESPUESTA_ALUMNOID,RESPUESTA_ALUMNO,PREGUNTAS_PREGUNTAS_ID,PRU_IND_PRUEBA_INDIVIDUAL_ID,ALTERNATIVA_ID) values (597,0,9,10,27);
Insert into PRUEBASQL.RESPUESTAS_ALUMNO (RESPUESTA_ALUMNOID,RESPUESTA_ALUMNO,PREGUNTAS_PREGUNTAS_ID,PRU_IND_PRUEBA_INDIVIDUAL_ID,ALTERNATIVA_ID) values (598,0,10,10,28);
Insert into PRUEBASQL.RESPUESTAS_ALUMNO (RESPUESTA_ALUMNOID,RESPUESTA_ALUMNO,PREGUNTAS_PREGUNTAS_ID,PRU_IND_PRUEBA_INDIVIDUAL_ID,ALTERNATIVA_ID) values (599,0,10,10,29);
Insert into PRUEBASQL.RESPUESTAS_ALUMNO (RESPUESTA_ALUMNOID,RESPUESTA_ALUMNO,PREGUNTAS_PREGUNTAS_ID,PRU_IND_PRUEBA_INDIVIDUAL_ID,ALTERNATIVA_ID) values (600,1,10,10,30);
REM INSERTING into PRUEBASQL.TEST
SET DEFINE OFF;
Insert into PRUEBASQL.TEST (TEST_ID,DESCRIPSION,TITULO_TEST,CREACION_TEST,CURSO_CURSO_ID,CREADOR_PRUEBA_CREADOR_ID) values (1,'prueba final fullstack java, se vera conceptos de OOP, recursividad,  buenas practicas','examen final fullstack java',to_date('20-06-30','RR-MM-DD'),1,1);
Insert into PRUEBASQL.TEST (TEST_ID,DESCRIPSION,TITULO_TEST,CREACION_TEST,CURSO_CURSO_ID,CREADOR_PRUEBA_CREADOR_ID) values (2,'prueba final android, se evaluaran conceptos como funcionalidad, upload a la plataforma goolge play, lenguajes usados, ademas de un pequño proyecto','examen final android',to_date('20-05-31','RR-MM-DD'),2,2);
Insert into PRUEBASQL.TEST (TEST_ID,DESCRIPSION,TITULO_TEST,CREACION_TEST,CURSO_CURSO_ID,CREADOR_PRUEBA_CREADOR_ID) values (3,'prueba final desrrollador UI/UX , usabilidad, diseño y otros','examen final desarrollador experiancia usario',to_date('20-08-31','RR-MM-DD'),3,4);
Insert into PRUEBASQL.TEST (TEST_ID,DESCRIPSION,TITULO_TEST,CREACION_TEST,CURSO_CURSO_ID,CREADOR_PRUEBA_CREADOR_ID) values (4,'conceptos basicos algoritmos y OOP ','prueba uno java',to_date('20-03-15','RR-MM-DD'),1,1);
Insert into PRUEBASQL.TEST (TEST_ID,DESCRIPSION,TITULO_TEST,CREACION_TEST,CURSO_CURSO_ID,CREADOR_PRUEBA_CREADOR_ID) values (5,'conceptos basicos algoritmos y OOP','prueba uno desarrollador mobile',to_date('20-03-22','RR-MM-DD'),2,2);
--------------------------------------------------------
--  DDL for Index ALTERNATIVAS_PK
--------------------------------------------------------

  CREATE UNIQUE INDEX "PRUEBASQL"."ALTERNATIVAS_PK" ON "PRUEBASQL"."ALTERNATIVAS" ("ALTERNATIVA_ID") 
  PCTFREE 10 INITRANS 2 MAXTRANS 255 COMPUTE STATISTICS 
  STORAGE(INITIAL 65536 NEXT 1048576 MINEXTENTS 1 MAXEXTENTS 2147483645
  PCTINCREASE 0 FREELISTS 1 FREELIST GROUPS 1 BUFFER_POOL DEFAULT FLASH_CACHE DEFAULT CELL_FLASH_CACHE DEFAULT)
  TABLESPACE "USERS" ;
--------------------------------------------------------
--  DDL for Index ALUMNO_PK
--------------------------------------------------------

  CREATE UNIQUE INDEX "PRUEBASQL"."ALUMNO_PK" ON "PRUEBASQL"."ALUMNO" ("ALUMNO_ID") 
  PCTFREE 10 INITRANS 2 MAXTRANS 255 COMPUTE STATISTICS 
  STORAGE(INITIAL 65536 NEXT 1048576 MINEXTENTS 1 MAXEXTENTS 2147483645
  PCTINCREASE 0 FREELISTS 1 FREELIST GROUPS 1 BUFFER_POOL DEFAULT FLASH_CACHE DEFAULT CELL_FLASH_CACHE DEFAULT)
  TABLESPACE "USERS" ;
--------------------------------------------------------
--  DDL for Index CREADOR_PRUEBA_PK
--------------------------------------------------------

  CREATE UNIQUE INDEX "PRUEBASQL"."CREADOR_PRUEBA_PK" ON "PRUEBASQL"."CREADOR_PRUEBA" ("CREADOR_ID") 
  PCTFREE 10 INITRANS 2 MAXTRANS 255 COMPUTE STATISTICS 
  STORAGE(INITIAL 65536 NEXT 1048576 MINEXTENTS 1 MAXEXTENTS 2147483645
  PCTINCREASE 0 FREELISTS 1 FREELIST GROUPS 1 BUFFER_POOL DEFAULT FLASH_CACHE DEFAULT CELL_FLASH_CACHE DEFAULT)
  TABLESPACE "USERS" ;
--------------------------------------------------------
--  DDL for Index CURSO_PK
--------------------------------------------------------

  CREATE UNIQUE INDEX "PRUEBASQL"."CURSO_PK" ON "PRUEBASQL"."CURSO" ("CURSO_ID") 
  PCTFREE 10 INITRANS 2 MAXTRANS 255 COMPUTE STATISTICS 
  STORAGE(INITIAL 65536 NEXT 1048576 MINEXTENTS 1 MAXEXTENTS 2147483645
  PCTINCREASE 0 FREELISTS 1 FREELIST GROUPS 1 BUFFER_POOL DEFAULT FLASH_CACHE DEFAULT CELL_FLASH_CACHE DEFAULT)
  TABLESPACE "USERS" ;
--------------------------------------------------------
--  DDL for Index PREGUNTAS_PK
--------------------------------------------------------

  CREATE UNIQUE INDEX "PRUEBASQL"."PREGUNTAS_PK" ON "PRUEBASQL"."PREGUNTAS" ("PREGUNTAS_ID") 
  PCTFREE 10 INITRANS 2 MAXTRANS 255 COMPUTE STATISTICS 
  STORAGE(INITIAL 65536 NEXT 1048576 MINEXTENTS 1 MAXEXTENTS 2147483645
  PCTINCREASE 0 FREELISTS 1 FREELIST GROUPS 1 BUFFER_POOL DEFAULT FLASH_CACHE DEFAULT CELL_FLASH_CACHE DEFAULT)
  TABLESPACE "USERS" ;
--------------------------------------------------------
--  DDL for Index PRUEBA_INDIVIDUAL_PK
--------------------------------------------------------

  CREATE UNIQUE INDEX "PRUEBASQL"."PRUEBA_INDIVIDUAL_PK" ON "PRUEBASQL"."PRUEBA_INDIVIDUAL" ("PRUEBA_INDIVIDUAL_ID") 
  PCTFREE 10 INITRANS 2 MAXTRANS 255 COMPUTE STATISTICS 
  STORAGE(INITIAL 65536 NEXT 1048576 MINEXTENTS 1 MAXEXTENTS 2147483645
  PCTINCREASE 0 FREELISTS 1 FREELIST GROUPS 1 BUFFER_POOL DEFAULT FLASH_CACHE DEFAULT CELL_FLASH_CACHE DEFAULT)
  TABLESPACE "USERS" ;
--------------------------------------------------------
--  DDL for Index RESPUESTAS_ALUMNO_PK
--------------------------------------------------------

  CREATE UNIQUE INDEX "PRUEBASQL"."RESPUESTAS_ALUMNO_PK" ON "PRUEBASQL"."RESPUESTAS_ALUMNO" ("RESPUESTA_ALUMNOID") 
  PCTFREE 10 INITRANS 2 MAXTRANS 255 COMPUTE STATISTICS 
  STORAGE(INITIAL 65536 NEXT 1048576 MINEXTENTS 1 MAXEXTENTS 2147483645
  PCTINCREASE 0 FREELISTS 1 FREELIST GROUPS 1 BUFFER_POOL DEFAULT FLASH_CACHE DEFAULT CELL_FLASH_CACHE DEFAULT)
  TABLESPACE "USERS" ;
--------------------------------------------------------
--  DDL for Index TEST_PK
--------------------------------------------------------

  CREATE UNIQUE INDEX "PRUEBASQL"."TEST_PK" ON "PRUEBASQL"."TEST" ("TEST_ID") 
  PCTFREE 10 INITRANS 2 MAXTRANS 255 COMPUTE STATISTICS 
  STORAGE(INITIAL 65536 NEXT 1048576 MINEXTENTS 1 MAXEXTENTS 2147483645
  PCTINCREASE 0 FREELISTS 1 FREELIST GROUPS 1 BUFFER_POOL DEFAULT FLASH_CACHE DEFAULT CELL_FLASH_CACHE DEFAULT)
  TABLESPACE "USERS" ;
--------------------------------------------------------
--  Constraints for Table ALTERNATIVAS
--------------------------------------------------------

  ALTER TABLE "PRUEBASQL"."ALTERNATIVAS" ADD CONSTRAINT "ALTERNATIVAS_PK" PRIMARY KEY ("ALTERNATIVA_ID")
  USING INDEX PCTFREE 10 INITRANS 2 MAXTRANS 255 COMPUTE STATISTICS 
  STORAGE(INITIAL 65536 NEXT 1048576 MINEXTENTS 1 MAXEXTENTS 2147483645
  PCTINCREASE 0 FREELISTS 1 FREELIST GROUPS 1 BUFFER_POOL DEFAULT FLASH_CACHE DEFAULT CELL_FLASH_CACHE DEFAULT)
  TABLESPACE "USERS"  ENABLE;
  ALTER TABLE "PRUEBASQL"."ALTERNATIVAS" MODIFY ("PREGUNTAS_PREGUNTAS_ID" NOT NULL ENABLE);
  ALTER TABLE "PRUEBASQL"."ALTERNATIVAS" MODIFY ("ALTERNATIVA_ID" NOT NULL ENABLE);
  ALTER TABLE "PRUEBASQL"."ALTERNATIVAS" MODIFY ("ALTENATIVAS" NOT NULL ENABLE);
--------------------------------------------------------
--  Constraints for Table ALUMNO
--------------------------------------------------------

  ALTER TABLE "PRUEBASQL"."ALUMNO" ADD CONSTRAINT "ALUMNO_PK" PRIMARY KEY ("ALUMNO_ID")
  USING INDEX PCTFREE 10 INITRANS 2 MAXTRANS 255 COMPUTE STATISTICS 
  STORAGE(INITIAL 65536 NEXT 1048576 MINEXTENTS 1 MAXEXTENTS 2147483645
  PCTINCREASE 0 FREELISTS 1 FREELIST GROUPS 1 BUFFER_POOL DEFAULT FLASH_CACHE DEFAULT CELL_FLASH_CACHE DEFAULT)
  TABLESPACE "USERS"  ENABLE;
  ALTER TABLE "PRUEBASQL"."ALUMNO" MODIFY ("NOMBRE" NOT NULL ENABLE);
  ALTER TABLE "PRUEBASQL"."ALUMNO" MODIFY ("RUT_ALUMNO" NOT NULL ENABLE);
  ALTER TABLE "PRUEBASQL"."ALUMNO" MODIFY ("ALUMNO_ID" NOT NULL ENABLE);
--------------------------------------------------------
--  Constraints for Table CREADOR_PRUEBA
--------------------------------------------------------

  ALTER TABLE "PRUEBASQL"."CREADOR_PRUEBA" ADD CONSTRAINT "CREADOR_PRUEBA_PK" PRIMARY KEY ("CREADOR_ID")
  USING INDEX PCTFREE 10 INITRANS 2 MAXTRANS 255 COMPUTE STATISTICS 
  STORAGE(INITIAL 65536 NEXT 1048576 MINEXTENTS 1 MAXEXTENTS 2147483645
  PCTINCREASE 0 FREELISTS 1 FREELIST GROUPS 1 BUFFER_POOL DEFAULT FLASH_CACHE DEFAULT CELL_FLASH_CACHE DEFAULT)
  TABLESPACE "USERS"  ENABLE;
  ALTER TABLE "PRUEBASQL"."CREADOR_PRUEBA" MODIFY ("NOMBRE_CREADOR" NOT NULL ENABLE);
  ALTER TABLE "PRUEBASQL"."CREADOR_PRUEBA" MODIFY ("CREADOR_ID" NOT NULL ENABLE);
--------------------------------------------------------
--  Constraints for Table CURSO
--------------------------------------------------------

  ALTER TABLE "PRUEBASQL"."CURSO" ADD CONSTRAINT "CURSO_PK" PRIMARY KEY ("CURSO_ID")
  USING INDEX PCTFREE 10 INITRANS 2 MAXTRANS 255 COMPUTE STATISTICS 
  STORAGE(INITIAL 65536 NEXT 1048576 MINEXTENTS 1 MAXEXTENTS 2147483645
  PCTINCREASE 0 FREELISTS 1 FREELIST GROUPS 1 BUFFER_POOL DEFAULT FLASH_CACHE DEFAULT CELL_FLASH_CACHE DEFAULT)
  TABLESPACE "USERS"  ENABLE;
  ALTER TABLE "PRUEBASQL"."CURSO" MODIFY ("NOMBRE" NOT NULL ENABLE);
  ALTER TABLE "PRUEBASQL"."CURSO" MODIFY ("CURSO_ID" NOT NULL ENABLE);
--------------------------------------------------------
--  Constraints for Table PREGUNTAS
--------------------------------------------------------

  ALTER TABLE "PRUEBASQL"."PREGUNTAS" ADD CONSTRAINT "PREGUNTAS_PK" PRIMARY KEY ("PREGUNTAS_ID")
  USING INDEX PCTFREE 10 INITRANS 2 MAXTRANS 255 COMPUTE STATISTICS 
  STORAGE(INITIAL 65536 NEXT 1048576 MINEXTENTS 1 MAXEXTENTS 2147483645
  PCTINCREASE 0 FREELISTS 1 FREELIST GROUPS 1 BUFFER_POOL DEFAULT FLASH_CACHE DEFAULT CELL_FLASH_CACHE DEFAULT)
  TABLESPACE "USERS"  ENABLE;
  ALTER TABLE "PRUEBASQL"."PREGUNTAS" MODIFY ("TEST_TEST_ID" NOT NULL ENABLE);
  ALTER TABLE "PRUEBASQL"."PREGUNTAS" MODIFY ("ENUNCIADO" NOT NULL ENABLE);
  ALTER TABLE "PRUEBASQL"."PREGUNTAS" MODIFY ("PREGUNTAS_ID" NOT NULL ENABLE);
--------------------------------------------------------
--  Constraints for Table PRUEBA_INDIVIDUAL
--------------------------------------------------------

  ALTER TABLE "PRUEBASQL"."PRUEBA_INDIVIDUAL" ADD CONSTRAINT "PRUEBA_INDIVIDUAL_PK" PRIMARY KEY ("PRUEBA_INDIVIDUAL_ID")
  USING INDEX PCTFREE 10 INITRANS 2 MAXTRANS 255 COMPUTE STATISTICS 
  STORAGE(INITIAL 65536 NEXT 1048576 MINEXTENTS 1 MAXEXTENTS 2147483645
  PCTINCREASE 0 FREELISTS 1 FREELIST GROUPS 1 BUFFER_POOL DEFAULT FLASH_CACHE DEFAULT CELL_FLASH_CACHE DEFAULT)
  TABLESPACE "USERS"  ENABLE;
  ALTER TABLE "PRUEBASQL"."PRUEBA_INDIVIDUAL" MODIFY ("ALUMNO_ALUMNO_ID" NOT NULL ENABLE);
  ALTER TABLE "PRUEBASQL"."PRUEBA_INDIVIDUAL" MODIFY ("TEST_TEST_ID" NOT NULL ENABLE);
  ALTER TABLE "PRUEBASQL"."PRUEBA_INDIVIDUAL" MODIFY ("FECHA_TOMA" NOT NULL ENABLE);
  ALTER TABLE "PRUEBASQL"."PRUEBA_INDIVIDUAL" MODIFY ("PRUEBA_INDIVIDUAL_ID" NOT NULL ENABLE);
--------------------------------------------------------
--  Constraints for Table RESPUESTAS_ALUMNO
--------------------------------------------------------

  ALTER TABLE "PRUEBASQL"."RESPUESTAS_ALUMNO" ADD CONSTRAINT "RESPUESTAS_ALUMNO_PK" PRIMARY KEY ("RESPUESTA_ALUMNOID")
  USING INDEX PCTFREE 10 INITRANS 2 MAXTRANS 255 COMPUTE STATISTICS 
  STORAGE(INITIAL 65536 NEXT 1048576 MINEXTENTS 1 MAXEXTENTS 2147483645
  PCTINCREASE 0 FREELISTS 1 FREELIST GROUPS 1 BUFFER_POOL DEFAULT FLASH_CACHE DEFAULT CELL_FLASH_CACHE DEFAULT)
  TABLESPACE "USERS"  ENABLE;
  ALTER TABLE "PRUEBASQL"."RESPUESTAS_ALUMNO" MODIFY ("PRU_IND_PRUEBA_INDIVIDUAL_ID" NOT NULL ENABLE);
  ALTER TABLE "PRUEBASQL"."RESPUESTAS_ALUMNO" MODIFY ("PREGUNTAS_PREGUNTAS_ID" NOT NULL ENABLE);
  ALTER TABLE "PRUEBASQL"."RESPUESTAS_ALUMNO" MODIFY ("ALTERNATIVA_ID" NOT NULL ENABLE);
  ALTER TABLE "PRUEBASQL"."RESPUESTAS_ALUMNO" MODIFY ("RESPUESTA_ALUMNOID" NOT NULL ENABLE);
--------------------------------------------------------
--  Constraints for Table TEST
--------------------------------------------------------

  ALTER TABLE "PRUEBASQL"."TEST" ADD CONSTRAINT "TEST_PK" PRIMARY KEY ("TEST_ID")
  USING INDEX PCTFREE 10 INITRANS 2 MAXTRANS 255 COMPUTE STATISTICS 
  STORAGE(INITIAL 65536 NEXT 1048576 MINEXTENTS 1 MAXEXTENTS 2147483645
  PCTINCREASE 0 FREELISTS 1 FREELIST GROUPS 1 BUFFER_POOL DEFAULT FLASH_CACHE DEFAULT CELL_FLASH_CACHE DEFAULT)
  TABLESPACE "USERS"  ENABLE;
  ALTER TABLE "PRUEBASQL"."TEST" MODIFY ("CREADOR_PRUEBA_CREADOR_ID" NOT NULL ENABLE);
  ALTER TABLE "PRUEBASQL"."TEST" MODIFY ("CURSO_CURSO_ID" NOT NULL ENABLE);
  ALTER TABLE "PRUEBASQL"."TEST" MODIFY ("CREACION_TEST" NOT NULL ENABLE);
  ALTER TABLE "PRUEBASQL"."TEST" MODIFY ("TITULO_TEST" NOT NULL ENABLE);
  ALTER TABLE "PRUEBASQL"."TEST" MODIFY ("DESCRIPSION" NOT NULL ENABLE);
  ALTER TABLE "PRUEBASQL"."TEST" MODIFY ("TEST_ID" NOT NULL ENABLE);
--------------------------------------------------------
--  Ref Constraints for Table ALTERNATIVAS
--------------------------------------------------------

  ALTER TABLE "PRUEBASQL"."ALTERNATIVAS" ADD CONSTRAINT "ALTERNATIVAS_PREGUNTAS_FK" FOREIGN KEY ("PREGUNTAS_PREGUNTAS_ID")
	  REFERENCES "PRUEBASQL"."PREGUNTAS" ("PREGUNTAS_ID") ENABLE;
--------------------------------------------------------
--  Ref Constraints for Table PREGUNTAS
--------------------------------------------------------

  ALTER TABLE "PRUEBASQL"."PREGUNTAS" ADD CONSTRAINT "PREGUNTAS_TEST_FK" FOREIGN KEY ("TEST_TEST_ID")
	  REFERENCES "PRUEBASQL"."TEST" ("TEST_ID") ENABLE;
--------------------------------------------------------
--  Ref Constraints for Table PRUEBA_INDIVIDUAL
--------------------------------------------------------

  ALTER TABLE "PRUEBASQL"."PRUEBA_INDIVIDUAL" ADD CONSTRAINT "PRUEBA_INDIVIDUAL_ALUMNO_FK" FOREIGN KEY ("ALUMNO_ALUMNO_ID")
	  REFERENCES "PRUEBASQL"."ALUMNO" ("ALUMNO_ID") ENABLE;
  ALTER TABLE "PRUEBASQL"."PRUEBA_INDIVIDUAL" ADD CONSTRAINT "PRUEBA_INDIVIDUAL_TEST_FK" FOREIGN KEY ("TEST_TEST_ID")
	  REFERENCES "PRUEBASQL"."TEST" ("TEST_ID") ENABLE;
--------------------------------------------------------
--  Ref Constraints for Table RESPUESTAS_ALUMNO
--------------------------------------------------------

  ALTER TABLE "PRUEBASQL"."RESPUESTAS_ALUMNO" ADD CONSTRAINT "ALTERNATIVA_ID" FOREIGN KEY ("ALTERNATIVA_ID")
	  REFERENCES "PRUEBASQL"."ALTERNATIVAS" ("ALTERNATIVA_ID") ENABLE;
  ALTER TABLE "PRUEBASQL"."RESPUESTAS_ALUMNO" ADD CONSTRAINT "RESPUE_ALUMNO_PRUEBA_INDL_FK" FOREIGN KEY ("PRU_IND_PRUEBA_INDIVIDUAL_ID")
	  REFERENCES "PRUEBASQL"."PRUEBA_INDIVIDUAL" ("PRUEBA_INDIVIDUAL_ID") ENABLE;
  ALTER TABLE "PRUEBASQL"."RESPUESTAS_ALUMNO" ADD CONSTRAINT "RESP_ALUMNO_PREGU_FK" FOREIGN KEY ("PREGUNTAS_PREGUNTAS_ID")
	  REFERENCES "PRUEBASQL"."PREGUNTAS" ("PREGUNTAS_ID") ON DELETE SET NULL ENABLE;
--------------------------------------------------------
--  Ref Constraints for Table TEST
--------------------------------------------------------

  ALTER TABLE "PRUEBASQL"."TEST" ADD CONSTRAINT "TEST_CREADOR_PRUEBA_FK" FOREIGN KEY ("CREADOR_PRUEBA_CREADOR_ID")
	  REFERENCES "PRUEBASQL"."CREADOR_PRUEBA" ("CREADOR_ID") ENABLE;
  ALTER TABLE "PRUEBASQL"."TEST" ADD CONSTRAINT "TEST_CURSO_FK" FOREIGN KEY ("CURSO_CURSO_ID")
	  REFERENCES "PRUEBASQL"."CURSO" ("CURSO_ID") ENABLE;
